timeStamp,elapsed,label,responseCode,responseMessage,threadName,dataType,success,failureMessage,bytes,sentBytes,grpThreads,allThreads,URL,Latency,IdleTime,Connect
1784784032913,1342,HTTP Request-1,200,OK,Non-GUI-Testcases Using CSV Files 1-3,text,true,,5823,155,9,9,https://www.login.hiox.com/login?referrer=easycalculation.com,1332,0,725
1784784033105,1191,HTTP Request-1,200,OK,Non-GUI-Testcases Using CSV Files 1-4,text,true,,5823,155,9,9,https://www.login.hiox.com/login?referrer=easycalculation.com,1191,0,639
1784784033305,1126,HTTP Request-1,200,OK,Non-GUI-Testcases Using CSV Files 1-5,text,true,,5823,155,10,10,https://www.login.hiox.com/login?referrer=easycalculation.com,1126,0,685
1784784032584,1856,HTTP Request-1,200,OK,Non-GUI-Testcases Using CSV Files 1-1,text,true,,5823,155,10,10,https://www.login.hiox.com/login?referrer=easycalculation.com,1856,0,990
1784784032714,1822,HTTP Request-1,200,OK,Non-GUI-Testcases Using CSV Files 1-2,text,true,,5823,155,10,10,https://www.login.hiox.com/login?referrer=easycalculation.com,1822,0,861
1784784033504,1039,HTTP Request-1,200,OK,Non-GUI-Testcases Using CSV Files 1-6,text,true,,5823,155,10,10,https://www.login.hiox.com/login?referrer=easycalculation.com,1039,0,653
1784784033702,1041,HTTP Request-1,200,OK,Non-GUI-Testcases Using CSV Files 1-7,text,true,,5823,155,10,10,https://www.login.hiox.com/login?referrer=easycalculation.com,1041,0,715
1784784033902,959,HTTP Request-1,200,OK,Non-GUI-Testcases Using CSV Files 1-8,text,true,,5823,155,10,10,https://www.login.hiox.com/login?referrer=easycalculation.com,959,0,645
1784784034103,972,HTTP Request-1,200,OK,Non-GUI-Testcases Using CSV Files 1-9,text,true,,5823,155,10,10,https://www.login.hiox.com/login?referrer=easycalculation.com,972,0,648
1784784034302,1035,HTTP Request-1,200,OK,Non-GUI-Testcases Using CSV Files 1-10,text,true,,5823,155,10,10,https://www.login.hiox.com/login?referrer=easycalculation.com,1035,0,674
1784784034545,1326,HTTP Request-2,200,OK,Non-GUI-Testcases Using CSV Files 1-6,text,true,,4866,120,10,10,https://www.demoblaze.com/,1311,0,968
1784784034442,1478,HTTP Request-2,200,OK,Non-GUI-Testcases Using CSV Files 1-1,text,true,,5018,120,10,10,https://www.demoblaze.com/,1432,0,1070
1784784035076,846,HTTP Request-2,200,OK,Non-GUI-Testcases Using CSV Files 1-9,text,true,,5252,120,10,10,https://www.demoblaze.com/,805,0,458
1784784034297,1627,HTTP Request-2,200,OK,Non-GUI-Testcases Using CSV Files 1-4,text,true,,4952,120,10,10,https://www.demoblaze.com/,1606,0,1218
1784784034537,1402,HTTP Request-2,200,OK,Non-GUI-Testcases Using CSV Files 1-2,text,true,,4966,120,10,10,https://www.demoblaze.com/,1396,0,1024
1784784034432,1543,HTTP Request-2,200,OK,Non-GUI-Testcases Using CSV Files 1-5,text,true,,4930,120,10,10,https://www.demoblaze.com/,1508,0,1111
1784784034259,1728,HTTP Request-2,200,OK,Non-GUI-Testcases Using CSV Files 1-3,text,true,,5091,120,10,10,https://www.demoblaze.com/,1681,0,1290
1784784034745,1242,HTTP Request-2,200,OK,Non-GUI-Testcases Using CSV Files 1-7,text,true,,5034,120,10,10,https://www.demoblaze.com/,1231,0,801
1784784035338,690,HTTP Request-2,200,OK,Non-GUI-Testcases Using CSV Files 1-10,text,true,,17517,120,10,10,https://www.demoblaze.com/,582,0,180
1784784034862,1193,HTTP Request-2,200,OK,Non-GUI-Testcases Using CSV Files 1-8,text,true,,17517,120,10,10,https://www.demoblaze.com/,1125,0,685
1784784035988,803,HTTP Request-3,200,OK,Non-GUI-Testcases Using CSV Files 1-7,text,true,,48495,141,10,10,https://sauce-demo.myshopify.com/pages/about-us,363,0,130
1784784035923,870,HTTP Request-3,200,OK,Non-GUI-Testcases Using CSV Files 1-9,text,true,,48506,141,10,10,https://sauce-demo.myshopify.com/pages/about-us,421,0,180
1784784035871,923,HTTP Request-3,200,OK,Non-GUI-Testcases Using CSV Files 1-6,text,true,,48515,141,10,10,https://sauce-demo.myshopify.com/pages/about-us,410,0,232
1784784035939,856,HTTP Request-3,200,OK,Non-GUI-Testcases Using CSV Files 1-2,text,true,,48504,141,10,10,https://sauce-demo.myshopify.com/pages/about-us,614,0,171
1784784035987,926,HTTP Request-3,200,OK,Non-GUI-Testcases Using CSV Files 1-3,text,true,,48513,141,10,10,https://sauce-demo.myshopify.com/pages/about-us,828,0,158
1784784036056,971,HTTP Request-3,200,OK,Non-GUI-Testcases Using CSV Files 1-8,text,true,,48510,141,10,10,https://sauce-demo.myshopify.com/pages/about-us,859,0,102
1784784036028,1187,HTTP Request-3,200,OK,Non-GUI-Testcases Using CSV Files 1-10,text,true,,48508,141,10,10,https://sauce-demo.myshopify.com/pages/about-us,1050,0,130
1784784035920,1580,HTTP Request-3,200,OK,Non-GUI-Testcases Using CSV Files 1-1,text,true,,48507,141,10,10,https://sauce-demo.myshopify.com/pages/about-us,392,0,183
1784784035976,1527,HTTP Request-3,200,OK,Non-GUI-Testcases Using CSV Files 1-5,text,true,,48508,141,10,10,https://sauce-demo.myshopify.com/pages/about-us,996,0,176
1784784035924,1590,HTTP Request-3,200,OK,Non-GUI-Testcases Using CSV Files 1-4,text,true,,48602,141,10,10,https://sauce-demo.myshopify.com/pages/about-us,1376,0,179
1784784037503,1162,HTTP Request-4,503,Service Unavailable,Non-GUI-Testcases Using CSV Files 1-5,text,false,,1724,126,10,10,https://jpetstore.aspectran.com/,1161,0,593
1784784036794,1874,HTTP Request-4,503,Service Unavailable,Non-GUI-Testcases Using CSV Files 1-6,text,false,,1722,126,10,10,https://jpetstore.aspectran.com/,1873,0,1322
1784784037028,1644,HTTP Request-4,503,Service Unavailable,Non-GUI-Testcases Using CSV Files 1-8,text,false,,1730,126,10,10,https://jpetstore.aspectran.com/,1644,0,1076
1784784036795,1888,HTTP Request-4,503,Service Unavailable,Non-GUI-Testcases Using CSV Files 1-2,text,false,,1728,126,10,10,https://jpetstore.aspectran.com/,1879,0,1327
1784784036792,1907,HTTP Request-4,503,Service Unavailable,Non-GUI-Testcases Using CSV Files 1-7,text,false,,1730,126,10,10,https://jpetstore.aspectran.com/,1906,0,1356
1784784037515,1186,HTTP Request-4,503,Service Unavailable,Non-GUI-Testcases Using CSV Files 1-4,text,false,,1730,126,10,10,https://jpetstore.aspectran.com/,1186,0,631
1784784038699,376,HTTP Request-5,200,OK,Non-GUI-Testcases Using CSV Files 1-7,text,true,,10150,131,10,10,https://jsonplaceholder.typicode.com/,365,0,253
1784784038668,410,HTTP Request-5,200,OK,Non-GUI-Testcases Using CSV Files 1-6,text,true,,10150,131,10,10,https://jsonplaceholder.typicode.com/,400,0,284
1784784038673,421,HTTP Request-5,200,OK,Non-GUI-Testcases Using CSV Files 1-8,text,true,,10150,131,10,10,https://jsonplaceholder.typicode.com/,405,0,279
1784784038702,404,HTTP Request-5,200,OK,Non-GUI-Testcases Using CSV Files 1-4,text,true,,10150,131,10,10,https://jsonplaceholder.typicode.com/,393,0,260
1784784038666,453,HTTP Request-5,200,OK,Non-GUI-Testcases Using CSV Files 1-5,text,true,,9998,131,10,10,https://jsonplaceholder.typicode.com/,441,0,292
1784784038683,459,HTTP Request-5,200,OK,Non-GUI-Testcases Using CSV Files 1-2,text,true,,10150,131,10,10,https://jsonplaceholder.typicode.com/,438,0,291
1784784039079,337,HTTP Request-6,403,Forbidden,Non-GUI-Testcases Using CSV Files 1-6,text,false,,1043,371,10,10,https://www.bharatmatrimony.com/campaign/matrimony.php?themeid=22&variantid=1&campaignid=627589322&adgroupid=1156688189220226&yahooaccountid=X0370414&searchcontent=search&CON=RI&NET=SE&PUB=yahoo&MODE=CPC&creative=&Matchtype=e&A=Indian&B=&keyword=shadhi%20com&utm_term=mobilewop,334,0,268
1784784039075,342,HTTP Request-6,403,Forbidden,Non-GUI-Testcases Using CSV Files 1-7,text,false,,1043,371,10,10,https://www.bharatmatrimony.com/campaign/matrimony.php?themeid=22&variantid=1&campaignid=627589322&adgroupid=1156688189220226&yahooaccountid=X0370414&searchcontent=search&CON=RI&NET=SE&PUB=yahoo&MODE=CPC&creative=&Matchtype=e&A=Indian&B=&keyword=shadhi%20com&utm_term=mobilewop,342,0,271
1784784039095,360,HTTP Request-6,403,Forbidden,Non-GUI-Testcases Using CSV Files 1-8,text,false,,1043,371,10,10,https://www.bharatmatrimony.com/campaign/matrimony.php?themeid=22&variantid=1&campaignid=627589322&adgroupid=1156688189220226&yahooaccountid=X0370414&searchcontent=search&CON=RI&NET=SE&PUB=yahoo&MODE=CPC&creative=&Matchtype=e&A=Indian&B=&keyword=shadhi%20com&utm_term=mobilewop,359,0,296
1784784039119,336,HTTP Request-6,403,Forbidden,Non-GUI-Testcases Using CSV Files 1-5,text,false,,1043,371,10,10,https://www.bharatmatrimony.com/campaign/matrimony.php?themeid=22&variantid=1&campaignid=627589322&adgroupid=1156688189220226&yahooaccountid=X0370414&searchcontent=search&CON=RI&NET=SE&PUB=yahoo&MODE=CPC&creative=&Matchtype=e&A=Indian&B=&keyword=shadhi%20com&utm_term=mobilewop,336,0,275
1784784039143,313,HTTP Request-6,403,Forbidden,Non-GUI-Testcases Using CSV Files 1-2,text,false,,1043,371,10,10,https://www.bharatmatrimony.com/campaign/matrimony.php?themeid=22&variantid=1&campaignid=627589322&adgroupid=1156688189220226&yahooaccountid=X0370414&searchcontent=search&CON=RI&NET=SE&PUB=yahoo&MODE=CPC&creative=&Matchtype=e&A=Indian&B=&keyword=shadhi%20com&utm_term=mobilewop,313,0,259
1784784039107,370,HTTP Request-6,403,Forbidden,Non-GUI-Testcases Using CSV Files 1-4,text,false,,1043,371,10,10,https://www.bharatmatrimony.com/campaign/matrimony.php?themeid=22&variantid=1&campaignid=627589322&adgroupid=1156688189220226&yahooaccountid=X0370414&searchcontent=search&CON=RI&NET=SE&PUB=yahoo&MODE=CPC&creative=&Matchtype=e&A=Indian&B=&keyword=shadhi%20com&utm_term=mobilewop,370,0,309
1784784037501,2195,HTTP Request-4,200,OK,Non-GUI-Testcases Using CSV Files 1-1,text,true,,24228,126,10,10,https://jpetstore.aspectran.com/,2140,0,636
1784784036914,2899,HTTP Request-4,200,OK,Non-GUI-Testcases Using CSV Files 1-3,text,true,,24225,126,10,10,https://jpetstore.aspectran.com/,2821,0,1225
1784784037216,2610,HTTP Request-4,200,OK,Non-GUI-Testcases Using CSV Files 1-10,text,true,,24231,126,10,10,https://jpetstore.aspectran.com/,2543,0,892
1784784036793,3115,HTTP Request-4,200,OK,Non-GUI-Testcases Using CSV Files 1-9,text,true,,24240,126,10,10,https://jpetstore.aspectran.com/,3044,0,1320
1784784039697,399,HTTP Request-5,200,OK,Non-GUI-Testcases Using CSV Files 1-1,text,true,,10150,131,10,10,https://jsonplaceholder.typicode.com/,381,0,256
1784784039814,331,HTTP Request-5,200,OK,Non-GUI-Testcases Using CSV Files 1-3,text,true,,10150,131,10,10,https://jsonplaceholder.typicode.com/,325,0,215
1784784039827,428,HTTP Request-5,200,OK,Non-GUI-Testcases Using CSV Files 1-10,text,true,,10150,131,10,10,https://jsonplaceholder.typicode.com/,365,0,233
1784784039908,360,HTTP Request-5,200,OK,Non-GUI-Testcases Using CSV Files 1-9,text,true,,10150,131,10,10,https://jsonplaceholder.typicode.com/,354,0,209
1784784040097,211,HTTP Request-6,403,Forbidden,Non-GUI-Testcases Using CSV Files 1-1,text,false,,1043,371,10,10,https://www.bharatmatrimony.com/campaign/matrimony.php?themeid=22&variantid=1&campaignid=627589322&adgroupid=1156688189220226&yahooaccountid=X0370414&searchcontent=search&CON=RI&NET=SE&PUB=yahoo&MODE=CPC&creative=&Matchtype=e&A=Indian&B=&keyword=shadhi%20com&utm_term=mobilewop,210,0,161
1784784040145,228,HTTP Request-6,403,Forbidden,Non-GUI-Testcases Using CSV Files 1-3,text,false,,1043,371,10,10,https://www.bharatmatrimony.com/campaign/matrimony.php?themeid=22&variantid=1&campaignid=627589322&adgroupid=1156688189220226&yahooaccountid=X0370414&searchcontent=search&CON=RI&NET=SE&PUB=yahoo&MODE=CPC&creative=&Matchtype=e&A=Indian&B=&keyword=shadhi%20com&utm_term=mobilewop,228,0,165
1784784040256,160,HTTP Request-6,403,Forbidden,Non-GUI-Testcases Using CSV Files 1-10,text,false,,1043,371,10,10,https://www.bharatmatrimony.com/campaign/matrimony.php?themeid=22&variantid=1&campaignid=627589322&adgroupid=1156688189220226&yahooaccountid=X0370414&searchcontent=search&CON=RI&NET=SE&PUB=yahoo&MODE=CPC&creative=&Matchtype=e&A=Indian&B=&keyword=shadhi%20com&utm_term=mobilewop,159,0,119
1784784040268,165,HTTP Request-6,403,Forbidden,Non-GUI-Testcases Using CSV Files 1-9,text,false,,1043,371,10,10,https://www.bharatmatrimony.com/campaign/matrimony.php?themeid=22&variantid=1&campaignid=627589322&adgroupid=1156688189220226&yahooaccountid=X0370414&searchcontent=search&CON=RI&NET=SE&PUB=yahoo&MODE=CPC&creative=&Matchtype=e&A=Indian&B=&keyword=shadhi%20com&utm_term=mobilewop,164,0,120
1784784039456,12275,HTTP Request-7,200,OK,Non-GUI-Testcases Using CSV Files 1-8,text,true,,905580,130,10,10,https://saucelabs.com/resources/blog,1518,0,123
1784784051732,1457,HTTP Request-8,404,Not Found,Non-GUI-Testcases Using CSV Files 1-8,text,false,,3957,134,10,10,https://www.saucedemo.com/inventory.html,1457,0,1049
1784784039418,14663,HTTP Request-7,200,OK,Non-GUI-Testcases Using CSV Files 1-7,text,true,,905555,130,10,10,https://saucelabs.com/resources/blog,1195,0,200
1784784054082,534,HTTP Request-8,404,Not Found,Non-GUI-Testcases Using CSV Files 1-7,text,false,,3957,134,10,10,https://www.saucedemo.com/inventory.html,534,0,313
1784784040433,17067,HTTP Request-7,200,OK,Non-GUI-Testcases Using CSV Files 1-9,text,true,,905556,130,10,10,https://saucelabs.com/resources/blog,11405,0,104
1784784053192,5333,HTTP Request-9,200,OK,Non-GUI-Testcases Using CSV Files 1-8,text,true,,753939,121,10,10,https://docs.langchain.com/,1281,0,1087
1784784040308,18264,HTTP Request-7,200,OK,Non-GUI-Testcases Using CSV Files 1-1,text,true,,905553,130,10,10,https://saucelabs.com/resources/blog,1079,0,108
1784784057502,1456,HTTP Request-8,404,Not Found,Non-GUI-Testcases Using CSV Files 1-9,text,false,,3957,134,10,10,https://www.saucedemo.com/inventory.html,1456,0,1097
1784784054618,4537,HTTP Request-9,200,OK,Non-GUI-Testcases Using CSV Files 1-7,text,true,,753932,121,10,10,https://docs.langchain.com/,1578,0,873
1784784040417,18817,HTTP Request-7,200,OK,Non-GUI-Testcases Using CSV Files 1-10,text,true,,905581,130,10,10,https://saucelabs.com/resources/blog,11421,0,125
1784784058572,830,HTTP Request-8,404,Not Found,Non-GUI-Testcases Using CSV Files 1-1,text,false,,3957,134,10,10,https://www.saucedemo.com/inventory.html,829,0,702
1784784039457,19984,HTTP Request-7,200,OK,Non-GUI-Testcases Using CSV Files 1-2,text,true,,905555,130,10,10,https://saucelabs.com/resources/blog,10803,0,132
1784784039416,20056,HTTP Request-7,200,OK,Non-GUI-Testcases Using CSV Files 1-6,text,true,,905580,130,10,10,https://saucelabs.com/resources/blog,10442,0,205
1784784058525,986,HTTP Request-10,403,Forbidden,Non-GUI-Testcases Using CSV Files 1-8,text,false,,8199,162,10,10,https://mvnrepository.com/artifact/com.mysql/mysql-connector-j/9.7.0,985,0,871
1784784059155,373,HTTP Request-10,403,Forbidden,Non-GUI-Testcases Using CSV Files 1-7,text,false,,8211,162,10,10,https://mvnrepository.com/artifact/com.mysql/mysql-connector-j/9.7.0,373,0,321
1784784059235,337,HTTP Request-8,404,Not Found,Non-GUI-Testcases Using CSV Files 1-10,text,false,,3957,134,10,10,https://www.saucedemo.com/inventory.html,337,0,276
1784784059441,187,HTTP Request-8,404,Not Found,Non-GUI-Testcases Using CSV Files 1-2,text,false,,3957,134,10,10,https://www.saucedemo.com/inventory.html,187,0,92
1784784059472,245,HTTP Request-8,404,Not Found,Non-GUI-Testcases Using CSV Files 1-6,text,false,,3957,134,10,10,https://www.saucedemo.com/inventory.html,244,0,123
1784784039478,21092,HTTP Request-7,200,OK,Non-GUI-Testcases Using CSV Files 1-4,text,true,,905580,130,10,10,https://saucelabs.com/resources/blog,11364,0,158
1784784040374,20432,HTTP Request-7,200,OK,Non-GUI-Testcases Using CSV Files 1-3,text,true,,905555,130,10,10,https://saucelabs.com/resources/blog,1333,0,99
1784784059511,2371,HTTP Request-1,200,OK,Non-GUI-Testcases Using CSV Files 1-8,text,true,,5823,155,10,10,https://www.login.hiox.com/login?referrer=easycalculation.com,2371,0,1525
1784784059529,2390,HTTP Request-1,200,OK,Non-GUI-Testcases Using CSV Files 1-7,text,true,,5823,155,10,10,https://www.login.hiox.com/login?referrer=easycalculation.com,2390,0,1510
1784784039456,22546,HTTP Request-7,200,OK,Non-GUI-Testcases Using CSV Files 1-5,text,true,,905555,130,10,10,https://saucelabs.com/resources/blog,11050,0,169
1784784060571,1581,HTTP Request-8,404,Not Found,Non-GUI-Testcases Using CSV Files 1-4,text,false,,3958,134,10,10,https://www.saucedemo.com/inventory.html,1579,0,1131
1784784060806,1419,HTTP Request-8,404,Not Found,Non-GUI-Testcases Using CSV Files 1-3,text,false,,3957,134,10,10,https://www.saucedemo.com/inventory.html,1419,0,982
1784784061919,1072,HTTP Request-2,200,OK,Non-GUI-Testcases Using CSV Files 1-7,text,true,,4808,120,10,10,https://www.demoblaze.com/,1067,0,0
1784784058958,4443,HTTP Request-9,200,OK,Non-GUI-Testcases Using CSV Files 1-9,text,true,,753931,121,10,10,https://docs.langchain.com/,560,0,460
1784784059403,4027,HTTP Request-9,200,OK,Non-GUI-Testcases Using CSV Files 1-1,text,true,,753924,121,10,10,https://docs.langchain.com/,230,0,113
1784784062002,2274,HTTP Request-8,404,Not Found,Non-GUI-Testcases Using CSV Files 1-5,text,false,,3957,134,10,10,https://www.saucedemo.com/inventory.html,2269,0,1310
1784784061882,2573,HTTP Request-2,200,OK,Non-GUI-Testcases Using CSV Files 1-8,text,true,,4891,120,10,10,https://www.demoblaze.com/,2515,0,0
1784784063403,2678,HTTP Request-10,403,Forbidden,Non-GUI-Testcases Using CSV Files 1-9,text,false,,8209,162,10,10,https://mvnrepository.com/artifact/com.mysql/mysql-connector-j/9.7.0,2654,0,1862
1784784063431,2650,HTTP Request-10,403,Forbidden,Non-GUI-Testcases Using CSV Files 1-1,text,false,,8201,162,10,10,https://mvnrepository.com/artifact/com.mysql/mysql-connector-j/9.7.0,2638,0,1840
1784784062991,3231,HTTP Request-3,200,OK,Non-GUI-Testcases Using CSV Files 1-7,text,true,,48512,141,10,10,https://sauce-demo.myshopify.com/pages/about-us,1033,0,0
1784784064456,2066,HTTP Request-3,200,OK,Non-GUI-Testcases Using CSV Files 1-8,text,true,,48495,141,10,10,https://sauce-demo.myshopify.com/pages/about-us,1200,0,0
1784784059573,7326,HTTP Request-9,200,OK,Non-GUI-Testcases Using CSV Files 1-10,text,true,,753931,121,10,10,https://docs.langchain.com/,515,0,302
1784784066223,873,HTTP Request-4,200,OK,Non-GUI-Testcases Using CSV Files 1-7,text,true,,24227,126,10,10,https://jpetstore.aspectran.com/,835,0,0
1784784059718,7480,HTTP Request-9,200,OK,Non-GUI-Testcases Using CSV Files 1-6,text,true,,753930,121,10,10,https://docs.langchain.com/,812,0,417
1784784066522,797,HTTP Request-4,200,OK,Non-GUI-Testcases Using CSV Files 1-8,text,true,,24229,126,10,10,https://jpetstore.aspectran.com/,782,0,0
1784784067096,576,HTTP Request-5,200,OK,Non-GUI-Testcases Using CSV Files 1-7,text,true,,10150,131,10,10,https://jsonplaceholder.typicode.com/,576,0,0
1784784067320,563,HTTP Request-5,200,OK,Non-GUI-Testcases Using CSV Files 1-8,text,true,,10150,131,10,10,https://jsonplaceholder.typicode.com/,558,0,0
1784784059630,8554,HTTP Request-9,200,OK,Non-GUI-Testcases Using CSV Files 1-2,text,true,,753930,121,10,10,https://docs.langchain.com/,610,0,390
1784784066899,1964,HTTP Request-10,403,Forbidden,Non-GUI-Testcases Using CSV Files 1-10,text,false,,8203,162,10,10,https://mvnrepository.com/artifact/com.mysql/mysql-connector-j/9.7.0,1887,0,1005
1784784066082,7013,HTTP Request-1,200,OK,Non-GUI-Testcases Using CSV Files 1-9,text,true,,5823,155,10,10,https://www.login.hiox.com/login?referrer=easycalculation.com,7012,0,1663
1784784073095,1168,HTTP Request-2,200,OK,Non-GUI-Testcases Using CSV Files 1-9,text,true,,4972,120,10,10,https://www.demoblaze.com/,1028,0,0
1784784064277,10380,HTTP Request-9,200,OK,Non-GUI-Testcases Using CSV Files 1-5,text,true,,753960,121,10,10,https://docs.langchain.com/,2459,0,1754
1784784074264,1112,HTTP Request-3,200,OK,Non-GUI-Testcases Using CSV Files 1-9,text,true,,48501,141,10,10,https://sauce-demo.myshopify.com/pages/about-us,895,0,0
1784784062226,13410,HTTP Request-9,200,OK,Non-GUI-Testcases Using CSV Files 1-3,text,true,,753923,121,10,10,https://docs.langchain.com/,2762,0,1719
1784784075377,602,HTTP Request-4,200,OK,Non-GUI-Testcases Using CSV Files 1-9,text,true,,24230,126,10,10,https://jpetstore.aspectran.com/,570,0,0
1784784068186,7850,HTTP Request-10,403,Forbidden,Non-GUI-Testcases Using CSV Files 1-2,text,false,,8205,162,10,10,https://mvnrepository.com/artifact/com.mysql/mysql-connector-j/9.7.0,7850,0,7611
1784784074658,1423,HTTP Request-10,403,Forbidden,Non-GUI-Testcases Using CSV Files 1-5,text,false,,8203,162,10,10,https://mvnrepository.com/artifact/com.mysql/mysql-connector-j/9.7.0,1417,0,1264
1784784075980,169,HTTP Request-5,200,OK,Non-GUI-Testcases Using CSV Files 1-9,text,true,,10151,131,10,10,https://jsonplaceholder.typicode.com/,161,0,0
1784784066082,10077,HTTP Request-1,200,OK,Non-GUI-Testcases Using CSV Files 1-1,text,true,,5823,155,10,10,https://www.login.hiox.com/login?referrer=easycalculation.com,10077,0,1680
1784784075637,742,HTTP Request-10,403,Forbidden,Non-GUI-Testcases Using CSV Files 1-3,text,false,,8201,162,10,10,https://mvnrepository.com/artifact/com.mysql/mysql-connector-j/9.7.0,708,0,472
1784784068864,8088,HTTP Request-1,200,OK,Non-GUI-Testcases Using CSV Files 1-10,text,true,,5823,155,10,10,https://www.login.hiox.com/login?referrer=easycalculation.com,8088,0,3057
1784784076160,1080,HTTP Request-2,200,OK,Non-GUI-Testcases Using CSV Files 1-1,text,true,,4978,120,10,10,https://www.demoblaze.com/,1076,0,0
1784784067884,9372,HTTP Request-6,403,Forbidden,Non-GUI-Testcases Using CSV Files 1-8,text,false,,1043,371,10,10,https://www.bharatmatrimony.com/campaign/matrimony.php?themeid=22&variantid=1&campaignid=627589322&adgroupid=1156688189220226&yahooaccountid=X0370414&searchcontent=search&CON=RI&NET=SE&PUB=yahoo&MODE=CPC&creative=&Matchtype=e&A=Indian&B=&keyword=shadhi%20com&utm_term=mobilewop,9371,0,1825
1784784067673,9584,HTTP Request-6,403,Forbidden,Non-GUI-Testcases Using CSV Files 1-7,text,false,,1043,371,10,10,https://www.bharatmatrimony.com/campaign/matrimony.php?themeid=22&variantid=1&campaignid=627589322&adgroupid=1156688189220226&yahooaccountid=X0370414&searchcontent=search&CON=RI&NET=SE&PUB=yahoo&MODE=CPC&creative=&Matchtype=e&A=Indian&B=&keyword=shadhi%20com&utm_term=mobilewop,9584,0,2027
1784784062153,15105,HTTP Request-9,200,OK,Non-GUI-Testcases Using CSV Files 1-4,text,true,,753931,121,10,10,https://docs.langchain.com/,2269,0,1609
1784784076150,1436,HTTP Request-6,403,Forbidden,Non-GUI-Testcases Using CSV Files 1-9,text,false,,1043,371,10,10,https://www.bharatmatrimony.com/campaign/matrimony.php?themeid=22&variantid=1&campaignid=627589322&adgroupid=1156688189220226&yahooaccountid=X0370414&searchcontent=search&CON=RI&NET=SE&PUB=yahoo&MODE=CPC&creative=&Matchtype=e&A=Indian&B=&keyword=shadhi%20com&utm_term=mobilewop,1436,0,1106
1784784067199,10392,HTTP Request-10,403,Forbidden,Non-GUI-Testcases Using CSV Files 1-6,text,false,,8211,162,10,10,https://mvnrepository.com/artifact/com.mysql/mysql-connector-j/9.7.0,3009,0,927
1784784076953,648,HTTP Request-2,200,OK,Non-GUI-Testcases Using CSV Files 1-10,text,true,,5004,120,10,10,https://www.demoblaze.com/,638,0,0
1784784077240,603,HTTP Request-3,200,OK,Non-GUI-Testcases Using CSV Files 1-1,text,true,,48512,141,10,10,https://sauce-demo.myshopify.com/pages/about-us,378,0,0
1784784076037,1818,HTTP Request-1,200,OK,Non-GUI-Testcases Using CSV Files 1-2,text,true,,5823,155,10,10,https://www.login.hiox.com/login?referrer=easycalculation.com,1818,0,1209
1784784076082,1781,HTTP Request-1,200,OK,Non-GUI-Testcases Using CSV Files 1-5,text,true,,5823,155,10,10,https://www.login.hiox.com/login?referrer=easycalculation.com,1781,0,1174
1784784077260,612,HTTP Request-10,403,Forbidden,Non-GUI-Testcases Using CSV Files 1-4,text,false,,8203,162,10,10,https://mvnrepository.com/artifact/com.mysql/mysql-connector-j/9.7.0,611,0,333
1784784077601,353,HTTP Request-3,200,OK,Non-GUI-Testcases Using CSV Files 1-10,text,true,,48510,141,10,10,https://sauce-demo.myshopify.com/pages/about-us,277,0,0
1784784077843,268,HTTP Request-4,200,OK,Non-GUI-Testcases Using CSV Files 1-1,text,true,,24235,126,10,10,https://jpetstore.aspectran.com/,255,0,0
1784784076379,1800,HTTP Request-1,200,OK,Non-GUI-Testcases Using CSV Files 1-3,text,true,,5823,155,10,10,https://www.login.hiox.com/login?referrer=easycalculation.com,1800,0,1469
1784784077855,332,HTTP Request-2,200,OK,Non-GUI-Testcases Using CSV Files 1-2,text,true,,4946,120,10,10,https://www.demoblaze.com/,327,0,0
1784784077864,351,HTTP Request-2,200,OK,Non-GUI-Testcases Using CSV Files 1-5,text,true,,4939,120,10,10,https://www.demoblaze.com/,326,0,0
1784784077955,260,HTTP Request-4,200,OK,Non-GUI-Testcases Using CSV Files 1-10,text,true,,24235,126,10,10,https://jpetstore.aspectran.com/,231,0,0
1784784078111,150,HTTP Request-5,200,OK,Non-GUI-Testcases Using CSV Files 1-1,text,true,,10150,131,10,10,https://jsonplaceholder.typicode.com/,144,0,0
1784784078216,163,HTTP Request-5,200,OK,Non-GUI-Testcases Using CSV Files 1-10,text,true,,10150,131,10,10,https://jsonplaceholder.typicode.com/,161,0,0
1784784078189,287,HTTP Request-3,200,OK,Non-GUI-Testcases Using CSV Files 1-2,text,true,,48506,141,10,10,https://sauce-demo.myshopify.com/pages/about-us,201,0,0
1784784078261,283,HTTP Request-6,403,Forbidden,Non-GUI-Testcases Using CSV Files 1-1,text,false,,1043,371,10,10,https://www.bharatmatrimony.com/campaign/matrimony.php?themeid=22&variantid=1&campaignid=627589322&adgroupid=1156688189220226&yahooaccountid=X0370414&searchcontent=search&CON=RI&NET=SE&PUB=yahoo&MODE=CPC&creative=&Matchtype=e&A=Indian&B=&keyword=shadhi%20com&utm_term=mobilewop,282,0,133
1784784078180,365,HTTP Request-2,200,OK,Non-GUI-Testcases Using CSV Files 1-3,text,true,,5022,120,10,10,https://www.demoblaze.com/,364,0,0
1784784078379,245,HTTP Request-6,403,Forbidden,Non-GUI-Testcases Using CSV Files 1-10,text,false,,1043,371,10,10,https://www.bharatmatrimony.com/campaign/matrimony.php?themeid=22&variantid=1&campaignid=627589322&adgroupid=1156688189220226&yahooaccountid=X0370414&searchcontent=search&CON=RI&NET=SE&PUB=yahoo&MODE=CPC&creative=&Matchtype=e&A=Indian&B=&keyword=shadhi%20com&utm_term=mobilewop,244,0,167
1784784077591,1033,HTTP Request-1,200,OK,Non-GUI-Testcases Using CSV Files 1-6,text,true,,5823,155,10,10,https://www.login.hiox.com/login?referrer=easycalculation.com,1033,0,677
1784784078545,310,HTTP Request-3,200,OK,Non-GUI-Testcases Using CSV Files 1-3,text,true,,48503,141,10,10,https://sauce-demo.myshopify.com/pages/about-us,285,0,0
1784784078625,269,HTTP Request-2,200,OK,Non-GUI-Testcases Using CSV Files 1-6,text,true,,5192,120,10,10,https://www.demoblaze.com/,240,0,0
1784784077872,1395,HTTP Request-1,200,OK,Non-GUI-Testcases Using CSV Files 1-4,text,true,,5823,155,10,10,https://www.login.hiox.com/login?referrer=easycalculation.com,1395,0,675
1784784078215,1103,HTTP Request-3,200,OK,Non-GUI-Testcases Using CSV Files 1-5,text,true,,48509,141,10,10,https://sauce-demo.myshopify.com/pages/about-us,328,0,0
1784784078856,467,HTTP Request-4,200,OK,Non-GUI-Testcases Using CSV Files 1-3,text,true,,24227,126,10,10,https://jpetstore.aspectran.com/,463,0,0
1784784078894,475,HTTP Request-3,200,OK,Non-GUI-Testcases Using CSV Files 1-6,text,true,,48509,141,10,10,https://sauce-demo.myshopify.com/pages/about-us,415,0,0
1784784079268,120,HTTP Request-2,200,OK,Non-GUI-Testcases Using CSV Files 1-4,text,true,,5033,120,10,10,https://www.demoblaze.com/,113,0,0
1784784079324,214,HTTP Request-5,200,OK,Non-GUI-Testcases Using CSV Files 1-3,text,true,,10150,131,10,10,https://jsonplaceholder.typicode.com/,210,0,0
1784784079389,271,HTTP Request-3,200,OK,Non-GUI-Testcases Using CSV Files 1-4,text,true,,48515,141,10,10,https://sauce-demo.myshopify.com/pages/about-us,237,0,0
1784784079318,398,HTTP Request-4,200,OK,Non-GUI-Testcases Using CSV Files 1-5,text,true,,24236,126,10,10,https://jpetstore.aspectran.com/,382,0,0
1784784079539,198,HTTP Request-6,403,Forbidden,Non-GUI-Testcases Using CSV Files 1-3,text,false,,1043,371,10,10,https://www.bharatmatrimony.com/campaign/matrimony.php?themeid=22&variantid=1&campaignid=627589322&adgroupid=1156688189220226&yahooaccountid=X0370414&searchcontent=search&CON=RI&NET=SE&PUB=yahoo&MODE=CPC&creative=&Matchtype=e&A=Indian&B=&keyword=shadhi%20com&utm_term=mobilewop,198,0,121
1784784079369,395,HTTP Request-4,200,OK,Non-GUI-Testcases Using CSV Files 1-6,text,true,,24229,126,10,10,https://jpetstore.aspectran.com/,340,0,0
1784784079717,335,HTTP Request-5,200,OK,Non-GUI-Testcases Using CSV Files 1-5,text,true,,9997,131,10,10,https://jsonplaceholder.typicode.com/,299,0,0
1784784079765,387,HTTP Request-5,200,OK,Non-GUI-Testcases Using CSV Files 1-6,text,true,,10150,131,10,10,https://jsonplaceholder.typicode.com/,361,0,0
1784784079660,542,HTTP Request-4,200,OK,Non-GUI-Testcases Using CSV Files 1-4,text,true,,24225,126,10,10,https://jpetstore.aspectran.com/,523,0,0
1784784078476,1785,HTTP Request-4,200,OK,Non-GUI-Testcases Using CSV Files 1-2,text,true,,24236,126,10,10,https://jpetstore.aspectran.com/,1768,0,0
1784784077587,2911,HTTP Request-7,200,OK,Non-GUI-Testcases Using CSV Files 1-9,text,true,,905555,130,10,10,https://saucelabs.com/resources/blog,1346,0,0
1784784077257,3276,HTTP Request-7,200,OK,Non-GUI-Testcases Using CSV Files 1-8,text,true,,905580,130,10,10,https://saucelabs.com/resources/blog,1366,0,0
1784784080202,416,HTTP Request-5,200,OK,Non-GUI-Testcases Using CSV Files 1-4,text,true,,10150,131,10,10,https://jsonplaceholder.typicode.com/,411,0,0
1784784080498,151,HTTP Request-8,404,Not Found,Non-GUI-Testcases Using CSV Files 1-9,text,false,,3957,134,10,10,https://www.saucedemo.com/inventory.html,131,0,0
1784784080534,129,HTTP Request-8,404,Not Found,Non-GUI-Testcases Using CSV Files 1-8,text,false,,3957,134,10,10,https://www.saucedemo.com/inventory.html,110,0,0
1784784080052,630,HTTP Request-6,403,Forbidden,Non-GUI-Testcases Using CSV Files 1-5,text,false,,1043,371,10,10,https://www.bharatmatrimony.com/campaign/matrimony.php?themeid=22&variantid=1&campaignid=627589322&adgroupid=1156688189220226&yahooaccountid=X0370414&searchcontent=search&CON=RI&NET=SE&PUB=yahoo&MODE=CPC&creative=&Matchtype=e&A=Indian&B=&keyword=shadhi%20com&utm_term=mobilewop,630,0,520
1784784080262,443,HTTP Request-5,200,OK,Non-GUI-Testcases Using CSV Files 1-2,text,true,,10151,131,10,10,https://jsonplaceholder.typicode.com/,434,0,0
1784784080152,553,HTTP Request-6,403,Forbidden,Non-GUI-Testcases Using CSV Files 1-6,text,false,,1043,371,10,10,https://www.bharatmatrimony.com/campaign/matrimony.php?themeid=22&variantid=1&campaignid=627589322&adgroupid=1156688189220226&yahooaccountid=X0370414&searchcontent=search&CON=RI&NET=SE&PUB=yahoo&MODE=CPC&creative=&Matchtype=e&A=Indian&B=&keyword=shadhi%20com&utm_term=mobilewop,553,0,478
1784784080618,492,HTTP Request-6,403,Forbidden,Non-GUI-Testcases Using CSV Files 1-4,text,false,,1043,371,10,10,https://www.bharatmatrimony.com/campaign/matrimony.php?themeid=22&variantid=1&campaignid=627589322&adgroupid=1156688189220226&yahooaccountid=X0370414&searchcontent=search&CON=RI&NET=SE&PUB=yahoo&MODE=CPC&creative=&Matchtype=e&A=Indian&B=&keyword=shadhi%20com&utm_term=mobilewop,491,0,130
1784784077258,3943,HTTP Request-7,200,OK,Non-GUI-Testcases Using CSV Files 1-7,text,true,,905556,130,10,10,https://saucelabs.com/resources/blog,1285,0,0
1784784080705,497,HTTP Request-6,403,Forbidden,Non-GUI-Testcases Using CSV Files 1-2,text,false,,1043,371,10,10,https://www.bharatmatrimony.com/campaign/matrimony.php?themeid=22&variantid=1&campaignid=627589322&adgroupid=1156688189220226&yahooaccountid=X0370414&searchcontent=search&CON=RI&NET=SE&PUB=yahoo&MODE=CPC&creative=&Matchtype=e&A=Indian&B=&keyword=shadhi%20com&utm_term=mobilewop,496,0,429
1784784081202,70,HTTP Request-8,404,Not Found,Non-GUI-Testcases Using CSV Files 1-7,text,false,,3957,134,10,10,https://www.saucedemo.com/inventory.html,68,0,0
1784784080650,984,HTTP Request-9,200,OK,Non-GUI-Testcases Using CSV Files 1-9,text,true,,753923,121,10,10,https://docs.langchain.com/,88,0,0
1784784081273,814,HTTP Request-9,200,OK,Non-GUI-Testcases Using CSV Files 1-7,text,true,,753922,121,10,10,https://docs.langchain.com/,151,0,0
1784784078624,3541,HTTP Request-7,200,OK,Non-GUI-Testcases Using CSV Files 1-10,text,true,,905580,130,10,10,https://saucelabs.com/resources/blog,1484,0,0
1784784081634,614,HTTP Request-10,403,Forbidden,Non-GUI-Testcases Using CSV Files 1-9,text,false,,8207,162,10,10,https://mvnrepository.com/artifact/com.mysql/mysql-connector-j/9.7.0,613,0,427
1784784082166,134,HTTP Request-8,404,Not Found,Non-GUI-Testcases Using CSV Files 1-10,text,false,,3957,134,10,10,https://www.saucedemo.com/inventory.html,133,0,0
1784784078544,3770,HTTP Request-7,200,OK,Non-GUI-Testcases Using CSV Files 1-1,text,true,,905555,130,10,10,https://saucelabs.com/resources/blog,1623,0,0
1784784082088,284,HTTP Request-10,403,Forbidden,Non-GUI-Testcases Using CSV Files 1-7,text,false,,8203,162,10,10,https://mvnrepository.com/artifact/com.mysql/mysql-connector-j/9.7.0,283,0,213
1784784082314,73,HTTP Request-8,404,Not Found,Non-GUI-Testcases Using CSV Files 1-1,text,false,,3957,134,10,10,https://www.saucedemo.com/inventory.html,64,0,0
1784784080663,2269,HTTP Request-9,200,OK,Non-GUI-Testcases Using CSV Files 1-8,text,true,,753930,121,10,10,https://docs.langchain.com/,140,0,0
1784784082388,1560,HTTP Request-9,200,OK,Non-GUI-Testcases Using CSV Files 1-1,text,true,,753930,121,10,10,https://docs.langchain.com/,130,0,0
1784784083948,215,HTTP Request-10,403,Forbidden,Non-GUI-Testcases Using CSV Files 1-1,text,false,,8205,162,10,10,https://mvnrepository.com/artifact/com.mysql/mysql-connector-j/9.7.0,201,0,146
1784784082933,1336,HTTP Request-10,403,Forbidden,Non-GUI-Testcases Using CSV Files 1-8,text,false,,8205,162,10,10,https://mvnrepository.com/artifact/com.mysql/mysql-connector-j/9.7.0,1335,0,1262
1784784082249,2064,HTTP Request-1,200,OK,Non-GUI-Testcases Using CSV Files 1-9,text,true,,5823,155,10,10,https://www.login.hiox.com/login?referrer=easycalculation.com,2064,0,796
1784784082372,2022,HTTP Request-1,200,OK,Non-GUI-Testcases Using CSV Files 1-7,text,true,,5823,155,10,10,https://www.login.hiox.com/login?referrer=easycalculation.com,2022,0,843
1784784084313,124,HTTP Request-2,200,OK,Non-GUI-Testcases Using CSV Files 1-9,text,true,,5000,120,10,10,https://www.demoblaze.com/,101,0,0
1784784084394,125,HTTP Request-2,200,OK,Non-GUI-Testcases Using CSV Files 1-7,text,true,,4999,120,10,10,https://www.demoblaze.com/,119,0,0
1784784084437,271,HTTP Request-3,200,OK,Non-GUI-Testcases Using CSV Files 1-9,text,true,,48496,141,10,10,https://sauce-demo.myshopify.com/pages/about-us,203,0,0
1784784079737,5032,HTTP Request-7,200,OK,Non-GUI-Testcases Using CSV Files 1-3,text,true,,905555,130,10,10,https://saucelabs.com/resources/blog,1310,0,0
1784784084519,289,HTTP Request-3,200,OK,Non-GUI-Testcases Using CSV Files 1-7,text,true,,48512,141,10,10,https://sauce-demo.myshopify.com/pages/about-us,273,0,0
1784784082300,2768,HTTP Request-9,200,OK,Non-GUI-Testcases Using CSV Files 1-10,text,true,,753932,121,10,10,https://docs.langchain.com/,185,0,0
1784784084770,311,HTTP Request-8,404,Not Found,Non-GUI-Testcases Using CSV Files 1-3,text,false,,3957,134,10,10,https://www.saucedemo.com/inventory.html,250,0,0
1784784084709,484,HTTP Request-4,200,OK,Non-GUI-Testcases Using CSV Files 1-9,text,true,,24227,126,10,10,https://jpetstore.aspectran.com/,419,0,0
1784784080705,4653,HTTP Request-7,200,OK,Non-GUI-Testcases Using CSV Files 1-6,text,true,,905580,130,10,10,https://saucelabs.com/resources/blog,1044,0,0
1784784084809,604,HTTP Request-4,200,OK,Non-GUI-Testcases Using CSV Files 1-7,text,true,,24245,126,10,10,https://jpetstore.aspectran.com/,594,0,0
1784784084164,1285,HTTP Request-1,200,OK,Non-GUI-Testcases Using CSV Files 1-1,text,true,,5823,155,10,10,https://www.login.hiox.com/login?referrer=easycalculation.com,1285,0,694
1784784084270,1214,HTTP Request-1,200,OK,Non-GUI-Testcases Using CSV Files 1-8,text,true,,5823,155,10,10,https://www.login.hiox.com/login?referrer=easycalculation.com,1214,0,655
1784784080682,4807,HTTP Request-7,200,OK,Non-GUI-Testcases Using CSV Files 1-5,text,true,,905555,130,10,10,https://saucelabs.com/resources/blog,1166,0,0
1784784085193,364,HTTP Request-5,200,OK,Non-GUI-Testcases Using CSV Files 1-9,text,true,,10150,131,10,10,https://jsonplaceholder.typicode.com/,326,0,0
1784784085359,372,HTTP Request-8,404,Not Found,Non-GUI-Testcases Using CSV Files 1-6,text,false,,3957,134,10,10,https://www.saucedemo.com/inventory.html,362,0,0
1784784085414,429,HTTP Request-5,200,OK,Non-GUI-Testcases Using CSV Files 1-7,text,true,,10150,131,10,10,https://jsonplaceholder.typicode.com/,423,0,0
1784784085450,429,HTTP Request-2,200,OK,Non-GUI-Testcases Using CSV Files 1-1,text,true,,5068,120,10,10,https://www.demoblaze.com/,423,0,0
1784784085490,475,HTTP Request-8,404,Not Found,Non-GUI-Testcases Using CSV Files 1-5,text,false,,3957,134,10,10,https://www.saucedemo.com/inventory.html,394,0,0
1784784085068,1013,HTTP Request-10,403,Forbidden,Non-GUI-Testcases Using CSV Files 1-10,text,false,,8213,162,10,10,https://mvnrepository.com/artifact/com.mysql/mysql-connector-j/9.7.0,1010,0,731
1784784085485,596,HTTP Request-2,200,OK,Non-GUI-Testcases Using CSV Files 1-8,text,true,,5187,120,10,10,https://www.demoblaze.com/,588,0,0
1784784085879,395,HTTP Request-3,200,OK,Non-GUI-Testcases Using CSV Files 1-1,text,true,,48508,141,10,10,https://sauce-demo.myshopify.com/pages/about-us,318,0,0
1784784085557,951,HTTP Request-6,403,Forbidden,Non-GUI-Testcases Using CSV Files 1-9,text,false,,1043,371,10,10,https://www.bharatmatrimony.com/campaign/matrimony.php?themeid=22&variantid=1&campaignid=627589322&adgroupid=1156688189220226&yahooaccountid=X0370414&searchcontent=search&CON=RI&NET=SE&PUB=yahoo&MODE=CPC&creative=&Matchtype=e&A=Indian&B=&keyword=shadhi%20com&utm_term=mobilewop,951,0,605
1784784086082,509,HTTP Request-3,200,OK,Non-GUI-Testcases Using CSV Files 1-8,text,true,,48509,141,10,10,https://sauce-demo.myshopify.com/pages/about-us,434,0,0
1784784085843,920,HTTP Request-6,403,Forbidden,Non-GUI-Testcases Using CSV Files 1-7,text,false,,1043,371,10,10,https://www.bharatmatrimony.com/campaign/matrimony.php?themeid=22&variantid=1&campaignid=627589322&adgroupid=1156688189220226&yahooaccountid=X0370414&searchcontent=search&CON=RI&NET=SE&PUB=yahoo&MODE=CPC&creative=&Matchtype=e&A=Indian&B=&keyword=shadhi%20com&utm_term=mobilewop,920,0,494
1784784086275,541,HTTP Request-4,200,OK,Non-GUI-Testcases Using CSV Files 1-1,text,true,,24234,126,10,10,https://jpetstore.aspectran.com/,504,0,0
1784784081202,5641,HTTP Request-7,200,OK,Non-GUI-Testcases Using CSV Files 1-2,text,true,,905555,130,10,10,https://saucelabs.com/resources/blog,1204,0,0
1784784086591,491,HTTP Request-4,200,OK,Non-GUI-Testcases Using CSV Files 1-8,text,true,,24223,126,10,10,https://jpetstore.aspectran.com/,471,0,0
1784784086843,315,HTTP Request-8,404,Not Found,Non-GUI-Testcases Using CSV Files 1-2,text,false,,3957,134,10,10,https://www.saucedemo.com/inventory.html,313,0,0
1784784086816,471,HTTP Request-5,200,OK,Non-GUI-Testcases Using CSV Files 1-1,text,true,,10150,131,10,10,https://jsonplaceholder.typicode.com/,468,0,0
1784784087083,419,HTTP Request-5,429,Too Many Requests,Non-GUI-Testcases Using CSV Files 1-8,text,false,,859,131,10,10,https://jsonplaceholder.typicode.com/,419,0,0
1784784086081,1952,HTTP Request-1,200,OK,Non-GUI-Testcases Using CSV Files 1-10,text,true,,5823,155,10,10,https://www.login.hiox.com/login?referrer=easycalculation.com,1952,0,1242
1784784087288,1117,HTTP Request-6,403,Forbidden,Non-GUI-Testcases Using CSV Files 1-1,text,false,,1043,371,10,10,https://www.bharatmatrimony.com/campaign/matrimony.php?themeid=22&variantid=1&campaignid=627589322&adgroupid=1156688189220226&yahooaccountid=X0370414&searchcontent=search&CON=RI&NET=SE&PUB=yahoo&MODE=CPC&creative=&Matchtype=e&A=Indian&B=&keyword=shadhi%20com&utm_term=mobilewop,1117,0,720
1784784088034,433,HTTP Request-2,200,OK,Non-GUI-Testcases Using CSV Files 1-10,text,true,,5081,120,10,10,https://www.demoblaze.com/,429,0,0
1784784087503,1059,HTTP Request-6,403,Forbidden,Non-GUI-Testcases Using CSV Files 1-8,text,false,,1043,371,10,10,https://www.bharatmatrimony.com/campaign/matrimony.php?themeid=22&variantid=1&campaignid=627589322&adgroupid=1156688189220226&yahooaccountid=X0370414&searchcontent=search&CON=RI&NET=SE&PUB=yahoo&MODE=CPC&creative=&Matchtype=e&A=Indian&B=&keyword=shadhi%20com&utm_term=mobilewop,1059,0,804
1784784085082,3631,HTTP Request-9,200,OK,Non-GUI-Testcases Using CSV Files 1-3,text,true,,753931,121,10,10,https://docs.langchain.com/,403,0,0
1784784088467,410,HTTP Request-3,200,OK,Non-GUI-Testcases Using CSV Files 1-10,text,true,,48497,141,10,10,https://sauce-demo.myshopify.com/pages/about-us,369,0,0
1784784085965,3027,HTTP Request-9,200,OK,Non-GUI-Testcases Using CSV Files 1-5,text,true,,753945,121,10,10,https://docs.langchain.com/,318,0,0
1784784088878,537,HTTP Request-4,200,OK,Non-GUI-Testcases Using CSV Files 1-10,text,true,,24236,126,10,10,https://jpetstore.aspectran.com/,525,0,0
1784784085732,3687,HTTP Request-9,200,OK,Non-GUI-Testcases Using CSV Files 1-6,text,true,,753939,121,10,10,https://docs.langchain.com/,356,0,0
1784784088713,754,HTTP Request-10,403,Forbidden,Non-GUI-Testcases Using CSV Files 1-3,text,false,,8207,162,10,10,https://mvnrepository.com/artifact/com.mysql/mysql-connector-j/9.7.0,753,0,616
1784784081111,8406,HTTP Request-7,200,OK,Non-GUI-Testcases Using CSV Files 1-4,text,true,,905555,130,10,10,https://saucelabs.com/resources/blog,1188,0,0
1784784088992,632,HTTP Request-10,403,Forbidden,Non-GUI-Testcases Using CSV Files 1-5,text,false,,8201,162,10,10,https://mvnrepository.com/artifact/com.mysql/mysql-connector-j/9.7.0,630,0,487
1784784089416,235,HTTP Request-5,429,Too Many Requests,Non-GUI-Testcases Using CSV Files 1-10,text,false,,862,131,10,10,https://jsonplaceholder.typicode.com/,235,0,0
1784784089517,185,HTTP Request-8,404,Not Found,Non-GUI-Testcases Using CSV Files 1-4,text,false,,3958,134,10,10,https://www.saucedemo.com/inventory.html,154,0,0
1784784089419,499,HTTP Request-10,403,Forbidden,Non-GUI-Testcases Using CSV Files 1-6,text,false,,8207,162,10,10,https://mvnrepository.com/artifact/com.mysql/mysql-connector-j/9.7.0,498,0,328
1784784086509,3563,HTTP Request-7,200,OK,Non-GUI-Testcases Using CSV Files 1-9,text,true,,905555,130,10,10,https://saucelabs.com/resources/blog,1598,0,0
1784784089651,492,HTTP Request-6,403,Forbidden,Non-GUI-Testcases Using CSV Files 1-10,text,false,,1043,371,10,10,https://www.bharatmatrimony.com/campaign/matrimony.php?themeid=22&variantid=1&campaignid=627589322&adgroupid=1156688189220226&yahooaccountid=X0370414&searchcontent=search&CON=RI&NET=SE&PUB=yahoo&MODE=CPC&creative=&Matchtype=e&A=Indian&B=&keyword=shadhi%20com&utm_term=mobilewop,492,0,340
1784784090074,157,HTTP Request-8,404,Not Found,Non-GUI-Testcases Using CSV Files 1-9,text,false,,3957,134,10,10,https://www.saucedemo.com/inventory.html,142,0,0
1784784089467,1297,HTTP Request-1,200,OK,Non-GUI-Testcases Using CSV Files 1-3,text,true,,5823,155,10,10,https://www.login.hiox.com/login?referrer=easycalculation.com,1297,0,817
1784784088563,2458,HTTP Request-7,200,OK,Non-GUI-Testcases Using CSV Files 1-8,text,true,,905555,130,10,10,https://saucelabs.com/resources/blog,992,0,0
1784784089625,1436,HTTP Request-1,200,OK,Non-GUI-Testcases Using CSV Files 1-5,text,true,,5823,155,10,10,https://www.login.hiox.com/login?referrer=easycalculation.com,1436,0,942
1784784087158,3949,HTTP Request-9,200,OK,Non-GUI-Testcases Using CSV Files 1-2,text,true,,753931,121,10,10,https://docs.langchain.com/,432,0,0
1784784091022,186,HTTP Request-8,404,Not Found,Non-GUI-Testcases Using CSV Files 1-8,text,false,,3957,134,10,10,https://www.saucedemo.com/inventory.html,166,0,0
1784784090765,468,HTTP Request-2,200,OK,Non-GUI-Testcases Using CSV Files 1-3,text,true,,4963,120,10,10,https://www.demoblaze.com/,459,0,0
1784784086763,4495,HTTP Request-7,200,OK,Non-GUI-Testcases Using CSV Files 1-7,text,true,,905555,130,10,10,https://saucelabs.com/resources/blog,1470,0,0
1784784089919,1348,HTTP Request-1,200,OK,Non-GUI-Testcases Using CSV Files 1-6,text,true,,5823,155,10,10,https://www.login.hiox.com/login?referrer=easycalculation.com,1348,0,886
1784784091258,122,HTTP Request-8,404,Not Found,Non-GUI-Testcases Using CSV Files 1-7,text,false,,3957,134,10,10,https://www.saucedemo.com/inventory.html,115,0,0
1784784091061,412,HTTP Request-2,200,OK,Non-GUI-Testcases Using CSV Files 1-5,text,true,,4834,120,10,10,https://www.demoblaze.com/,405,0,0
1784784091233,261,HTTP Request-3,200,OK,Non-GUI-Testcases Using CSV Files 1-3,text,true,,48506,141,10,10,https://sauce-demo.myshopify.com/pages/about-us,245,0,0
1784784091107,388,HTTP Request-10,403,Forbidden,Non-GUI-Testcases Using CSV Files 1-2,text,false,,8203,162,10,10,https://mvnrepository.com/artifact/com.mysql/mysql-connector-j/9.7.0,387,0,287
1784784091267,600,HTTP Request-2,200,OK,Non-GUI-Testcases Using CSV Files 1-6,text,true,,4947,120,10,10,https://www.demoblaze.com/,564,0,0
1784784088405,3742,HTTP Request-7,200,OK,Non-GUI-Testcases Using CSV Files 1-1,text,true,,905555,130,10,10,https://saucelabs.com/resources/blog,1188,0,0
1784784091494,694,HTTP Request-4,200,OK,Non-GUI-Testcases Using CSV Files 1-3,text,true,,24229,126,10,10,https://jpetstore.aspectran.com/,661,0,0
1784784091380,898,HTTP Request-9,200,OK,Non-GUI-Testcases Using CSV Files 1-7,text,true,,753931,121,10,10,https://docs.langchain.com/,141,0,0
1784784090231,2080,HTTP Request-9,200,OK,Non-GUI-Testcases Using CSV Files 1-9,text,true,,753946,121,10,10,https://docs.langchain.com/,211,0,0
1784784091868,494,HTTP Request-3,200,OK,Non-GUI-Testcases Using CSV Files 1-6,text,true,,48519,141,10,10,https://sauce-demo.myshopify.com/pages/about-us,450,0,0
1784784092148,288,HTTP Request-8,404,Not Found,Non-GUI-Testcases Using CSV Files 1-1,text,false,,3957,134,10,10,https://www.saucedemo.com/inventory.html,259,0,0
1784784092188,324,HTTP Request-5,429,Too Many Requests,Non-GUI-Testcases Using CSV Files 1-3,text,false,,858,131,10,10,https://jsonplaceholder.typicode.com/,324,0,0
1784784089702,2874,HTTP Request-9,200,OK,Non-GUI-Testcases Using CSV Files 1-4,text,true,,753931,121,10,10,https://docs.langchain.com/,251,0,0
1784784091473,1143,HTTP Request-3,200,OK,Non-GUI-Testcases Using CSV Files 1-5,text,true,,48511,141,10,10,https://sauce-demo.myshopify.com/pages/about-us,671,0,0
1784784092362,352,HTTP Request-4,200,OK,Non-GUI-Testcases Using CSV Files 1-6,text,true,,24236,126,10,10,https://jpetstore.aspectran.com/,327,0,0
1784784092311,467,HTTP Request-10,403,Forbidden,Non-GUI-Testcases Using CSV Files 1-9,text,false,,8199,162,10,10,https://mvnrepository.com/artifact/com.mysql/mysql-connector-j/9.7.0,467,0,344
1784784092278,516,HTTP Request-10,403,Forbidden,Non-GUI-Testcases Using CSV Files 1-7,text,false,,8201,162,10,10,https://mvnrepository.com/artifact/com.mysql/mysql-connector-j/9.7.0,500,0,375
1784784092513,406,HTTP Request-6,403,Forbidden,Non-GUI-Testcases Using CSV Files 1-3,text,false,,1043,371,10,10,https://www.bharatmatrimony.com/campaign/matrimony.php?themeid=22&variantid=1&campaignid=627589322&adgroupid=1156688189220226&yahooaccountid=X0370414&searchcontent=search&CON=RI&NET=SE&PUB=yahoo&MODE=CPC&creative=&Matchtype=e&A=Indian&B=&keyword=shadhi%20com&utm_term=mobilewop,405,0,222
1784784092714,246,HTTP Request-5,429,Too Many Requests,Non-GUI-Testcases Using CSV Files 1-6,text,false,,848,131,10,10,https://jsonplaceholder.typicode.com/,246,0,0
1784784092616,353,HTTP Request-4,200,OK,Non-GUI-Testcases Using CSV Files 1-5,text,true,,24226,126,10,10,https://jpetstore.aspectran.com/,345,0,0
1784784090143,2896,HTTP Request-7,200,OK,Non-GUI-Testcases Using CSV Files 1-10,text,true,,905580,130,10,10,https://saucelabs.com/resources/blog,1155,0,0
1784784091495,1552,HTTP Request-1,200,OK,Non-GUI-Testcases Using CSV Files 1-2,text,true,,5823,155,10,10,https://www.login.hiox.com/login?referrer=easycalculation.com,1552,0,1122
1784784092577,475,HTTP Request-10,403,Forbidden,Non-GUI-Testcases Using CSV Files 1-4,text,false,,8199,162,10,10,https://mvnrepository.com/artifact/com.mysql/mysql-connector-j/9.7.0,469,0,307
1784784093040,79,HTTP Request-8,404,Not Found,Non-GUI-Testcases Using CSV Files 1-10,text,false,,3957,134,10,10,https://www.saucedemo.com/inventory.html,79,0,0
1784784092969,150,HTTP Request-5,429,Too Many Requests,Non-GUI-Testcases Using CSV Files 1-5,text,false,,848,131,10,10,https://jsonplaceholder.typicode.com/,150,0,0
1784784091208,1946,HTTP Request-9,200,OK,Non-GUI-Testcases Using CSV Files 1-8,text,true,,753931,121,10,10,https://docs.langchain.com/,164,0,0
1784784092779,376,HTTP Request-1,200,OK,Non-GUI-Testcases Using CSV Files 1-9,text,true,,5796,155,10,10,https://www.login.hiox.com/login?referrer=easycalculation.com,376,0,0
1784784092794,361,HTTP Request-1,200,OK,Non-GUI-Testcases Using CSV Files 1-7,text,true,,5796,155,10,10,https://www.login.hiox.com/login?referrer=easycalculation.com,361,0,0
1784784092961,238,HTTP Request-6,403,Forbidden,Non-GUI-Testcases Using CSV Files 1-6,text,false,,1043,371,10,10,https://www.bharatmatrimony.com/campaign/matrimony.php?themeid=22&variantid=1&campaignid=627589322&adgroupid=1156688189220226&yahooaccountid=X0370414&searchcontent=search&CON=RI&NET=SE&PUB=yahoo&MODE=CPC&creative=&Matchtype=e&A=Indian&B=&keyword=shadhi%20com&utm_term=mobilewop,238,0,195
1784784093155,126,HTTP Request-2,200,OK,Non-GUI-Testcases Using CSV Files 1-9,text,true,,4948,120,10,10,https://www.demoblaze.com/,123,0,0
1784784093155,128,HTTP Request-2,200,OK,Non-GUI-Testcases Using CSV Files 1-7,text,true,,5078,120,10,10,https://www.demoblaze.com/,125,0,0
1784784093119,164,HTTP Request-6,403,Forbidden,Non-GUI-Testcases Using CSV Files 1-5,text,false,,1043,371,10,10,https://www.bharatmatrimony.com/campaign/matrimony.php?themeid=22&variantid=1&campaignid=627589322&adgroupid=1156688189220226&yahooaccountid=X0370414&searchcontent=search&CON=RI&NET=SE&PUB=yahoo&MODE=CPC&creative=&Matchtype=e&A=Indian&B=&keyword=shadhi%20com&utm_term=mobilewop,164,0,90
1784784093154,180,HTTP Request-10,403,Forbidden,Non-GUI-Testcases Using CSV Files 1-8,text,false,,8205,162,10,10,https://mvnrepository.com/artifact/com.mysql/mysql-connector-j/9.7.0,180,0,124
1784784093048,354,HTTP Request-2,200,OK,Non-GUI-Testcases Using CSV Files 1-2,text,true,,5073,120,10,10,https://www.demoblaze.com/,350,0,0
1784784092437,5896,HTTP Request-9,200,OK,Non-GUI-Testcases Using CSV Files 1-1,text,true,,753931,121,10,10,https://docs.langchain.com/,178,0,0
1784784098334,160,HTTP Request-10,403,Forbidden,Non-GUI-Testcases Using CSV Files 1-1,text,false,,8211,162,10,10,https://mvnrepository.com/artifact/com.mysql/mysql-connector-j/9.7.0,155,0,77
1784784093281,5239,HTTP Request-3,200,OK,Non-GUI-Testcases Using CSV Files 1-9,text,true,,48499,141,10,10,https://sauce-demo.myshopify.com/pages/about-us,208,0,0
1784784093119,5805,HTTP Request-9,200,OK,Non-GUI-Testcases Using CSV Files 1-10,text,true,,753924,121,10,10,https://docs.langchain.com/,115,0,0
1784784098925,162,HTTP Request-10,403,Forbidden,Non-GUI-Testcases Using CSV Files 1-10,text,false,,8207,162,10,10,https://mvnrepository.com/artifact/com.mysql/mysql-connector-j/9.7.0,147,0,98
1784784098520,773,HTTP Request-4,200,OK,Non-GUI-Testcases Using CSV Files 1-9,text,true,,24223,126,10,10,https://jpetstore.aspectran.com/,762,0,231
1784784099293,191,HTTP Request-5,200,OK,Non-GUI-Testcases Using CSV Files 1-9,text,true,,10150,131,10,10,https://jsonplaceholder.typicode.com/,191,0,0
1784784098494,991,HTTP Request-1,200,OK,Non-GUI-Testcases Using CSV Files 1-1,text,true,,5823,155,10,10,https://www.login.hiox.com/login?referrer=easycalculation.com,991,0,608
1784784099484,146,HTTP Request-6,403,Forbidden,Non-GUI-Testcases Using CSV Files 1-9,text,false,,1043,371,10,10,https://www.bharatmatrimony.com/campaign/matrimony.php?themeid=22&variantid=1&campaignid=627589322&adgroupid=1156688189220226&yahooaccountid=X0370414&searchcontent=search&CON=RI&NET=SE&PUB=yahoo&MODE=CPC&creative=&Matchtype=e&A=Indian&B=&keyword=shadhi%20com&utm_term=mobilewop,146,0,87
1784784099486,345,HTTP Request-2,200,OK,Non-GUI-Testcases Using CSV Files 1-1,text,true,,5106,120,10,10,https://www.demoblaze.com/,332,0,170
1784784093283,6585,HTTP Request-3,200,OK,Non-GUI-Testcases Using CSV Files 1-7,text,true,,48497,141,10,10,https://sauce-demo.myshopify.com/pages/about-us,189,0,0
1784784099087,1166,HTTP Request-1,200,OK,Non-GUI-Testcases Using CSV Files 1-10,text,true,,5823,155,10,10,https://www.login.hiox.com/login?referrer=easycalculation.com,1166,0,766
1784784099832,587,HTTP Request-3,200,OK,Non-GUI-Testcases Using CSV Files 1-1,text,true,,48504,141,10,10,https://sauce-demo.myshopify.com/pages/about-us,529,0,222
1784784099868,608,HTTP Request-4,200,OK,Non-GUI-Testcases Using CSV Files 1-7,text,true,,24230,126,10,10,https://jpetstore.aspectran.com/,607,0,279
1784784092919,7987,HTTP Request-7,200,OK,Non-GUI-Testcases Using CSV Files 1-3,text,true,,905556,130,10,10,https://saucelabs.com/resources/blog,6208,0,0
1784784100253,766,HTTP Request-2,200,OK,Non-GUI-Testcases Using CSV Files 1-10,text,true,,5012,120,10,10,https://www.demoblaze.com/,760,0,331
1784784100907,280,HTTP Request-8,404,Not Found,Non-GUI-Testcases Using CSV Files 1-3,text,false,,3957,134,10,10,https://www.saucedemo.com/inventory.html,264,0,0
1784784100420,1038,HTTP Request-4,200,OK,Non-GUI-Testcases Using CSV Files 1-1,text,true,,24226,126,10,10,https://jpetstore.aspectran.com/,1025,0,565
1784784093052,8498,HTTP Request-1,200,OK,Non-GUI-Testcases Using CSV Files 1-4,text,true,,5823,155,10,10,https://www.login.hiox.com/login?referrer=easycalculation.com,8498,0,7287
1784784100477,1506,HTTP Request-5,200,OK,Non-GUI-Testcases Using CSV Files 1-7,text,true,,10150,131,10,10,https://jsonplaceholder.typicode.com/,1477,0,829
1784784099631,4107,HTTP Request-7,200,OK,Non-GUI-Testcases Using CSV Files 1-9,text,true,,905555,130,10,10,https://saucelabs.com/resources/blog,1024,0,0
1784784101019,2840,HTTP Request-3,200,OK,Non-GUI-Testcases Using CSV Files 1-10,text,true,,48493,141,10,10,https://sauce-demo.myshopify.com/pages/about-us,1898,0,740
1784784093402,10579,HTTP Request-3,200,OK,Non-GUI-Testcases Using CSV Files 1-2,text,true,,48521,141,10,10,https://sauce-demo.myshopify.com/pages/about-us,9230,0,0
1784784101458,2614,HTTP Request-5,200,OK,Non-GUI-Testcases Using CSV Files 1-1,text,true,,10150,131,10,10,https://jsonplaceholder.typicode.com/,2608,0,2087
1784784103738,358,HTTP Request-8,404,Not Found,Non-GUI-Testcases Using CSV Files 1-9,text,false,,3958,134,10,10,https://www.saucedemo.com/inventory.html,358,0,0
1784784101984,2133,HTTP Request-6,403,Forbidden,Non-GUI-Testcases Using CSV Files 1-7,text,false,,1043,371,10,10,https://www.bharatmatrimony.com/campaign/matrimony.php?themeid=22&variantid=1&campaignid=627589322&adgroupid=1156688189220226&yahooaccountid=X0370414&searchcontent=search&CON=RI&NET=SE&PUB=yahoo&MODE=CPC&creative=&Matchtype=e&A=Indian&B=&keyword=shadhi%20com&utm_term=mobilewop,2133,0,1880
1784784093334,11056,HTTP Request-1,200,OK,Non-GUI-Testcases Using CSV Files 1-8,text,true,,5796,155,10,10,https://www.login.hiox.com/login?referrer=easycalculation.com,11056,0,0
1784784101550,2903,HTTP Request-2,200,OK,Non-GUI-Testcases Using CSV Files 1-4,text,true,,5037,120,10,10,https://www.demoblaze.com/,2791,0,2307
1784784093200,11453,HTTP Request-7,200,OK,Non-GUI-Testcases Using CSV Files 1-6,text,true,,905580,130,10,10,https://saucelabs.com/resources/blog,6545,0,0
1784784104073,918,HTTP Request-6,403,Forbidden,Non-GUI-Testcases Using CSV Files 1-1,text,false,,1043,371,10,10,https://www.bharatmatrimony.com/campaign/matrimony.php?themeid=22&variantid=1&campaignid=627589322&adgroupid=1156688189220226&yahooaccountid=X0370414&searchcontent=search&CON=RI&NET=SE&PUB=yahoo&MODE=CPC&creative=&Matchtype=e&A=Indian&B=&keyword=shadhi%20com&utm_term=mobilewop,911,0,385
1784784104654,368,HTTP Request-8,404,Not Found,Non-GUI-Testcases Using CSV Files 1-6,text,false,,3957,134,10,10,https://www.saucedemo.com/inventory.html,364,0,0
1784784103859,1214,HTTP Request-4,200,OK,Non-GUI-Testcases Using CSV Files 1-10,text,true,,24226,126,10,10,https://jpetstore.aspectran.com/,1168,0,571
1784784103981,1117,HTTP Request-4,200,OK,Non-GUI-Testcases Using CSV Files 1-2,text,true,,24234,126,10,10,https://jpetstore.aspectran.com/,1055,0,513
1784784101188,4168,HTTP Request-9,200,OK,Non-GUI-Testcases Using CSV Files 1-3,text,true,,753930,121,10,10,https://docs.langchain.com/,570,0,0
1784784104096,1530,HTTP Request-9,200,OK,Non-GUI-Testcases Using CSV Files 1-9,text,true,,753923,121,10,10,https://docs.langchain.com/,249,0,0
1784784104390,1426,HTTP Request-2,200,OK,Non-GUI-Testcases Using CSV Files 1-8,text,true,,5031,120,10,10,https://www.demoblaze.com/,1398,0,689
1784784093283,12543,HTTP Request-7,200,OK,Non-GUI-Testcases Using CSV Files 1-5,text,true,,905555,130,10,10,https://saucelabs.com/resources/blog,7297,0,0
1784784104453,1408,HTTP Request-3,200,OK,Non-GUI-Testcases Using CSV Files 1-4,text,true,,48508,141,10,10,https://sauce-demo.myshopify.com/pages/about-us,1372,0,583
1784784105357,554,HTTP Request-10,403,Forbidden,Non-GUI-Testcases Using CSV Files 1-3,text,false,,8213,162,10,10,https://mvnrepository.com/artifact/com.mysql/mysql-connector-j/9.7.0,543,0,432
1784784105827,115,HTTP Request-8,404,Not Found,Non-GUI-Testcases Using CSV Files 1-5,text,false,,3957,134,10,10,https://www.saucedemo.com/inventory.html,85,0,0
1784784105074,898,HTTP Request-5,200,OK,Non-GUI-Testcases Using CSV Files 1-10,text,true,,10150,131,10,10,https://jsonplaceholder.typicode.com/,875,0,743
1784784105627,364,HTTP Request-10,403,Forbidden,Non-GUI-Testcases Using CSV Files 1-9,text,false,,8205,162,10,10,https://mvnrepository.com/artifact/com.mysql/mysql-connector-j/9.7.0,362,0,279
1784784105099,926,HTTP Request-5,200,OK,Non-GUI-Testcases Using CSV Files 1-2,text,true,,9997,131,10,10,https://jsonplaceholder.typicode.com/,914,0,742
1784784105816,582,HTTP Request-3,200,OK,Non-GUI-Testcases Using CSV Files 1-8,text,true,,48492,141,10,10,https://sauce-demo.myshopify.com/pages/about-us,377,0,185
1784784105973,475,HTTP Request-6,403,Forbidden,Non-GUI-Testcases Using CSV Files 1-10,text,false,,1043,371,10,10,https://www.bharatmatrimony.com/campaign/matrimony.php?themeid=22&variantid=1&campaignid=627589322&adgroupid=1156688189220226&yahooaccountid=X0370414&searchcontent=search&CON=RI&NET=SE&PUB=yahoo&MODE=CPC&creative=&Matchtype=e&A=Indian&B=&keyword=shadhi%20com&utm_term=mobilewop,475,0,219
1784784106025,489,HTTP Request-6,403,Forbidden,Non-GUI-Testcases Using CSV Files 1-2,text,false,,1043,371,10,10,https://www.bharatmatrimony.com/campaign/matrimony.php?themeid=22&variantid=1&campaignid=627589322&adgroupid=1156688189220226&yahooaccountid=X0370414&searchcontent=search&CON=RI&NET=SE&PUB=yahoo&MODE=CPC&creative=&Matchtype=e&A=Indian&B=&keyword=shadhi%20com&utm_term=mobilewop,488,0,223
1784784105862,690,HTTP Request-4,200,OK,Non-GUI-Testcases Using CSV Files 1-4,text,true,,24231,126,10,10,https://jpetstore.aspectran.com/,656,0,280
1784784105912,1423,HTTP Request-1,200,OK,Non-GUI-Testcases Using CSV Files 1-3,text,true,,5823,155,10,10,https://www.login.hiox.com/login?referrer=easycalculation.com,1422,0,969
1784784106554,781,HTTP Request-5,200,OK,Non-GUI-Testcases Using CSV Files 1-4,text,true,,10150,131,10,10,https://jsonplaceholder.typicode.com/,780,0,519
1784784105993,1343,HTTP Request-1,200,OK,Non-GUI-Testcases Using CSV Files 1-9,text,true,,5823,155,10,10,https://www.login.hiox.com/login?referrer=easycalculation.com,1343,0,884
1784784106399,1111,HTTP Request-4,200,OK,Non-GUI-Testcases Using CSV Files 1-8,text,true,,24226,126,10,10,https://jpetstore.aspectran.com/,1039,0,483
1784784104118,3668,HTTP Request-7,200,OK,Non-GUI-Testcases Using CSV Files 1-7,text,true,,905556,130,10,10,https://saucelabs.com/resources/blog,1755,0,391
1784784107788,136,HTTP Request-8,404,Not Found,Non-GUI-Testcases Using CSV Files 1-7,text,false,,3957,134,10,10,https://www.saucedemo.com/inventory.html,136,0,0
1784784107336,676,HTTP Request-6,403,Forbidden,Non-GUI-Testcases Using CSV Files 1-4,text,false,,1043,371,10,10,https://www.bharatmatrimony.com/campaign/matrimony.php?themeid=22&variantid=1&campaignid=627589322&adgroupid=1156688189220226&yahooaccountid=X0370414&searchcontent=search&CON=RI&NET=SE&PUB=yahoo&MODE=CPC&creative=&Matchtype=e&A=Indian&B=&keyword=shadhi%20com&utm_term=mobilewop,676,0,522
1784784104992,3105,HTTP Request-7,200,OK,Non-GUI-Testcases Using CSV Files 1-1,text,true,,905580,130,10,10,https://saucelabs.com/resources/blog,1835,0,792
1784784107336,935,HTTP Request-2,200,OK,Non-GUI-Testcases Using CSV Files 1-3,text,true,,4939,120,10,10,https://www.demoblaze.com/,918,0,467
1784784107337,962,HTTP Request-2,200,OK,Non-GUI-Testcases Using CSV Files 1-9,text,true,,5020,120,10,10,https://www.demoblaze.com/,935,0,465
1784784108098,248,HTTP Request-8,404,Not Found,Non-GUI-Testcases Using CSV Files 1-1,text,false,,3958,134,10,10,https://www.saucedemo.com/inventory.html,248,0,0
1784784107510,889,HTTP Request-5,200,OK,Non-GUI-Testcases Using CSV Files 1-8,text,true,,9997,131,10,10,https://jsonplaceholder.typicode.com/,889,0,557
1784784105942,3073,HTTP Request-9,200,OK,Non-GUI-Testcases Using CSV Files 1-5,text,true,,753945,121,10,10,https://docs.langchain.com/,161,0,0
1784784107925,1296,HTTP Request-9,200,OK,Non-GUI-Testcases Using CSV Files 1-7,text,true,,753923,121,10,10,https://docs.langchain.com/,208,0,0
1784784108400,833,HTTP Request-6,403,Forbidden,Non-GUI-Testcases Using CSV Files 1-8,text,false,,1043,371,10,10,https://www.bharatmatrimony.com/campaign/matrimony.php?themeid=22&variantid=1&campaignid=627589322&adgroupid=1156688189220226&yahooaccountid=X0370414&searchcontent=search&CON=RI&NET=SE&PUB=yahoo&MODE=CPC&creative=&Matchtype=e&A=Indian&B=&keyword=shadhi%20com&utm_term=mobilewop,832,0,696
1784784105023,4258,HTTP Request-9,200,OK,Non-GUI-Testcases Using CSV Files 1-6,text,true,,753946,121,10,10,https://docs.langchain.com/,647,0,0
1784784108301,1119,HTTP Request-3,200,OK,Non-GUI-Testcases Using CSV Files 1-9,text,true,,48510,141,10,10,https://sauce-demo.myshopify.com/pages/about-us,992,0,732
1784784108273,1147,HTTP Request-3,200,OK,Non-GUI-Testcases Using CSV Files 1-3,text,true,,48492,141,10,10,https://sauce-demo.myshopify.com/pages/about-us,1013,0,753
1784784109016,478,HTTP Request-10,403,Forbidden,Non-GUI-Testcases Using CSV Files 1-5,text,false,,8209,162,10,10,https://mvnrepository.com/artifact/com.mysql/mysql-connector-j/9.7.0,469,0,367
1784784109223,361,HTTP Request-10,403,Forbidden,Non-GUI-Testcases Using CSV Files 1-7,text,false,,8203,162,10,10,https://mvnrepository.com/artifact/com.mysql/mysql-connector-j/9.7.0,361,0,263
1784784109282,382,HTTP Request-10,403,Forbidden,Non-GUI-Testcases Using CSV Files 1-6,text,false,,8205,162,10,10,https://mvnrepository.com/artifact/com.mysql/mysql-connector-j/9.7.0,381,0,227
1784784108348,1400,HTTP Request-9,200,OK,Non-GUI-Testcases Using CSV Files 1-1,text,true,,753932,121,10,10,https://docs.langchain.com/,462,0,0
1784784109421,443,HTTP Request-4,200,OK,Non-GUI-Testcases Using CSV Files 1-9,text,true,,24226,126,10,10,https://jpetstore.aspectran.com/,418,0,0
1784784109748,835,HTTP Request-10,403,Forbidden,Non-GUI-Testcases Using CSV Files 1-1,text,false,,8203,162,10,10,https://mvnrepository.com/artifact/com.mysql/mysql-connector-j/9.7.0,834,0,325
1784784109421,1296,HTTP Request-4,200,OK,Non-GUI-Testcases Using CSV Files 1-3,text,true,,24236,126,10,10,https://jpetstore.aspectran.com/,1232,0,460
1784784106516,4387,HTTP Request-7,200,OK,Non-GUI-Testcases Using CSV Files 1-2,text,true,,905580,130,10,10,https://saucelabs.com/resources/blog,1547,0,366
1784784109865,1449,HTTP Request-5,200,OK,Non-GUI-Testcases Using CSV Files 1-9,text,true,,10150,131,10,10,https://jsonplaceholder.typicode.com/,1385,0,853
1784784110905,443,HTTP Request-8,404,Not Found,Non-GUI-Testcases Using CSV Files 1-2,text,false,,3957,134,10,10,https://www.saucedemo.com/inventory.html,443,0,0
1784784109495,1932,HTTP Request-1,200,OK,Non-GUI-Testcases Using CSV Files 1-5,text,true,,5823,155,10,10,https://www.login.hiox.com/login?referrer=easycalculation.com,1932,0,1250
1784784109664,1791,HTTP Request-1,200,OK,Non-GUI-Testcases Using CSV Files 1-6,text,true,,5823,155,10,10,https://www.login.hiox.com/login?referrer=easycalculation.com,1791,0,1156
1784784109585,1878,HTTP Request-1,200,OK,Non-GUI-Testcases Using CSV Files 1-7,text,true,,5823,155,10,10,https://www.login.hiox.com/login?referrer=easycalculation.com,1878,0,1228
1784784110718,1352,HTTP Request-5,200,OK,Non-GUI-Testcases Using CSV Files 1-3,text,true,,9997,131,10,10,https://jsonplaceholder.typicode.com/,1345,0,951
1784784111315,1082,HTTP Request-6,403,Forbidden,Non-GUI-Testcases Using CSV Files 1-9,text,false,,1043,371,10,10,https://www.bharatmatrimony.com/campaign/matrimony.php?themeid=22&variantid=1&campaignid=627589322&adgroupid=1156688189220226&yahooaccountid=X0370414&searchcontent=search&CON=RI&NET=SE&PUB=yahoo&MODE=CPC&creative=&Matchtype=e&A=Indian&B=&keyword=shadhi%20com&utm_term=mobilewop,1082,0,697
1784784110584,2037,HTTP Request-1,200,OK,Non-GUI-Testcases Using CSV Files 1-1,text,true,,5823,155,10,10,https://www.login.hiox.com/login?referrer=easycalculation.com,2036,0,1335
1784784111455,1659,HTTP Request-2,200,OK,Non-GUI-Testcases Using CSV Files 1-6,text,true,,5042,120,10,10,https://www.demoblaze.com/,1643,0,703
1784784111464,7039,HTTP Request-2,200,OK,Non-GUI-Testcases Using CSV Files 1-7,text,true,,4968,120,10,10,https://www.demoblaze.com/,1749,0,748
1784784118502,593,HTTP Request-3,200,OK,Non-GUI-Testcases Using CSV Files 1-7,text,true,,48518,141,10,10,https://sauce-demo.myshopify.com/pages/about-us,567,0,260
1784784111428,7696,HTTP Request-2,200,OK,Non-GUI-Testcases Using CSV Files 1-5,text,true,,4890,120,10,10,https://www.demoblaze.com/,7695,0,1123
1784784112070,7272,HTTP Request-6,403,Forbidden,Non-GUI-Testcases Using CSV Files 1-3,text,false,,1043,371,10,10,https://www.bharatmatrimony.com/campaign/matrimony.php?themeid=22&variantid=1&campaignid=627589322&adgroupid=1156688189220226&yahooaccountid=X0370414&searchcontent=search&CON=RI&NET=SE&PUB=yahoo&MODE=CPC&creative=&Matchtype=e&A=Indian&B=&keyword=shadhi%20com&utm_term=mobilewop,7272,0,921
1784784119095,357,HTTP Request-4,200,OK,Non-GUI-Testcases Using CSV Files 1-7,text,true,,24224,126,10,10,https://jpetstore.aspectran.com/,355,0,0
1784784119452,151,HTTP Request-5,200,OK,Non-GUI-Testcases Using CSV Files 1-7,text,true,,10150,131,10,10,https://jsonplaceholder.typicode.com/,132,0,0
1784784113114,6492,HTTP Request-3,200,OK,Non-GUI-Testcases Using CSV Files 1-6,text,true,,48504,141,10,10,https://sauce-demo.myshopify.com/pages/about-us,6339,0,5984
1784784119123,614,HTTP Request-3,200,OK,Non-GUI-Testcases Using CSV Files 1-5,text,true,,48506,141,10,10,https://sauce-demo.myshopify.com/pages/about-us,564,0,329
1784784119604,150,HTTP Request-6,403,Forbidden,Non-GUI-Testcases Using CSV Files 1-7,text,false,,1043,371,10,10,https://www.bharatmatrimony.com/campaign/matrimony.php?themeid=22&variantid=1&campaignid=627589322&adgroupid=1156688189220226&yahooaccountid=X0370414&searchcontent=search&CON=RI&NET=SE&PUB=yahoo&MODE=CPC&creative=&Matchtype=e&A=Indian&B=&keyword=shadhi%20com&utm_term=mobilewop,150,0,86
1784784119607,548,HTTP Request-4,200,OK,Non-GUI-Testcases Using CSV Files 1-6,text,true,,24229,126,10,10,https://jpetstore.aspectran.com/,535,0,265
1784784119737,474,HTTP Request-4,200,OK,Non-GUI-Testcases Using CSV Files 1-5,text,true,,24229,126,10,10,https://jpetstore.aspectran.com/,465,0,229
1784784120157,394,HTTP Request-5,200,OK,Non-GUI-Testcases Using CSV Files 1-6,text,true,,10150,131,10,10,https://jsonplaceholder.typicode.com/,385,0,259
1784784120211,426,HTTP Request-5,200,OK,Non-GUI-Testcases Using CSV Files 1-5,text,true,,10150,131,10,10,https://jsonplaceholder.typicode.com/,426,0,277
1784784120551,156,HTTP Request-6,403,Forbidden,Non-GUI-Testcases Using CSV Files 1-6,text,false,,1043,371,10,10,https://www.bharatmatrimony.com/campaign/matrimony.php?themeid=22&variantid=1&campaignid=627589322&adgroupid=1156688189220226&yahooaccountid=X0370414&searchcontent=search&CON=RI&NET=SE&PUB=yahoo&MODE=CPC&creative=&Matchtype=e&A=Indian&B=&keyword=shadhi%20com&utm_term=mobilewop,155,0,74
1784784120638,232,HTTP Request-6,403,Forbidden,Non-GUI-Testcases Using CSV Files 1-5,text,false,,1043,371,10,10,https://www.bharatmatrimony.com/campaign/matrimony.php?themeid=22&variantid=1&campaignid=627589322&adgroupid=1156688189220226&yahooaccountid=X0370414&searchcontent=search&CON=RI&NET=SE&PUB=yahoo&MODE=CPC&creative=&Matchtype=e&A=Indian&B=&keyword=shadhi%20com&utm_term=mobilewop,231,0,130
1784784108013,12984,HTTP Request-7,200,OK,Non-GUI-Testcases Using CSV Files 1-4,text,true,,905555,130,10,10,https://saucelabs.com/resources/blog,1765,0,343
1784784120996,326,HTTP Request-8,404,Not Found,Non-GUI-Testcases Using CSV Files 1-4,text,false,,3957,134,10,10,https://www.saucedemo.com/inventory.html,325,0,147
1784784119342,2338,HTTP Request-7,200,OK,Non-GUI-Testcases Using CSV Files 1-3,text,true,,905556,130,10,10,https://saucelabs.com/resources/blog,1268,0,168
1784784112621,9088,HTTP Request-2,200,OK,Non-GUI-Testcases Using CSV Files 1-1,text,true,,4928,120,10,10,https://www.demoblaze.com/,9057,0,0
1784784121681,155,HTTP Request-8,404,Not Found,Non-GUI-Testcases Using CSV Files 1-3,text,false,,3957,134,10,10,https://www.saucedemo.com/inventory.html,155,0,91
1784784119755,2086,HTTP Request-7,200,OK,Non-GUI-Testcases Using CSV Files 1-7,text,true,,905580,130,10,10,https://saucelabs.com/resources/blog,969,0,0
1784784121708,321,HTTP Request-3,200,OK,Non-GUI-Testcases Using CSV Files 1-1,text,true,,48500,141,10,10,https://sauce-demo.myshopify.com/pages/about-us,224,0,0
1784784121841,263,HTTP Request-8,404,Not Found,Non-GUI-Testcases Using CSV Files 1-7,text,false,,3957,134,10,10,https://www.saucedemo.com/inventory.html,254,0,192
1784784122029,428,HTTP Request-4,200,OK,Non-GUI-Testcases Using CSV Files 1-1,text,true,,24241,126,10,10,https://jpetstore.aspectran.com/,347,0,0
1784784122458,440,HTTP Request-5,200,OK,Non-GUI-Testcases Using CSV Files 1-1,text,true,,10150,131,10,10,https://jsonplaceholder.typicode.com/,358,0,0
1784784120708,2775,HTTP Request-7,200,OK,Non-GUI-Testcases Using CSV Files 1-6,text,true,,905580,130,10,10,https://saucelabs.com/resources/blog,1049,0,155
1784784122899,588,HTTP Request-6,403,Forbidden,Non-GUI-Testcases Using CSV Files 1-1,text,false,,1043,371,10,10,https://www.bharatmatrimony.com/campaign/matrimony.php?themeid=22&variantid=1&campaignid=627589322&adgroupid=1156688189220226&yahooaccountid=X0370414&searchcontent=search&CON=RI&NET=SE&PUB=yahoo&MODE=CPC&creative=&Matchtype=e&A=Indian&B=&keyword=shadhi%20com&utm_term=mobilewop,587,0,440
1784784112398,11181,HTTP Request-7,Non HTTP response code: java.net.SocketException,Non HTTP response message: Connection reset,Non-GUI-Testcases Using CSV Files 1-9,text,false,,3105,0,10,10,https://saucelabs.com/resources/blog,0,0,11081
1784784122105,1688,HTTP Request-9,200,OK,Non-GUI-Testcases Using CSV Files 1-7,text,true,,753931,121,10,10,https://docs.langchain.com/,582,0,224
1784784123483,316,HTTP Request-8,404,Not Found,Non-GUI-Testcases Using CSV Files 1-6,text,false,,3957,134,10,10,https://www.saucedemo.com/inventory.html,316,0,233
1784784123580,321,HTTP Request-8,404,Not Found,Non-GUI-Testcases Using CSV Files 1-9,text,false,,3957,134,10,10,https://www.saucedemo.com/inventory.html,321,0,274
1784784121323,2630,HTTP Request-9,200,OK,Non-GUI-Testcases Using CSV Files 1-4,text,true,,753930,121,10,10,https://docs.langchain.com/,209,0,0
1784784123793,260,HTTP Request-10,403,Forbidden,Non-GUI-Testcases Using CSV Files 1-7,text,false,,8203,162,10,10,https://mvnrepository.com/artifact/com.mysql/mysql-connector-j/9.7.0,259,0,192
1784784123954,343,HTTP Request-10,403,Forbidden,Non-GUI-Testcases Using CSV Files 1-4,text,false,,8209,162,9,9,https://mvnrepository.com/artifact/com.mysql/mysql-connector-j/9.7.0,341,0,204
1784784123799,1807,HTTP Request-9,200,OK,Non-GUI-Testcases Using CSV Files 1-6,text,true,,753931,121,9,9,https://docs.langchain.com/,214,0,117
1784784123487,2148,HTTP Request-7,200,OK,Non-GUI-Testcases Using CSV Files 1-1,text,true,,905580,130,9,9,https://saucelabs.com/resources/blog,1000,0,0
1784784125606,309,HTTP Request-10,403,Forbidden,Non-GUI-Testcases Using CSV Files 1-6,text,false,,8203,162,9,9,https://mvnrepository.com/artifact/com.mysql/mysql-connector-j/9.7.0,308,0,207
1784784125636,536,HTTP Request-8,404,Not Found,Non-GUI-Testcases Using CSV Files 1-1,text,false,,3957,134,9,9,https://www.saucedemo.com/inventory.html,535,0,252
1784784124297,1885,HTTP Request-1,200,OK,Non-GUI-Testcases Using CSV Files 1-4,text,true,,5823,155,9,9,https://www.login.hiox.com/login?referrer=easycalculation.com,1885,0,1319
1784784121837,4345,HTTP Request-9,200,OK,Non-GUI-Testcases Using CSV Files 1-3,text,true,,753931,121,9,9,https://docs.langchain.com/,197,0,0
1784784123901,2386,HTTP Request-9,200,OK,Non-GUI-Testcases Using CSV Files 1-9,text,true,,753929,121,9,9,https://docs.langchain.com/,461,0,176
1784784120870,5582,HTTP Request-7,200,OK,Non-GUI-Testcases Using CSV Files 1-5,text,true,,905580,130,9,9,https://saucelabs.com/resources/blog,1291,0,70
1784784126182,478,HTTP Request-10,403,Forbidden,Non-GUI-Testcases Using CSV Files 1-3,text,false,,8205,162,9,9,https://mvnrepository.com/artifact/com.mysql/mysql-connector-j/9.7.0,477,0,362
1784784126288,477,HTTP Request-10,403,Forbidden,Non-GUI-Testcases Using CSV Files 1-9,text,false,,8215,162,9,9,https://mvnrepository.com/artifact/com.mysql/mysql-connector-j/9.7.0,477,0,310
1784784126182,614,HTTP Request-2,200,OK,Non-GUI-Testcases Using CSV Files 1-4,text,true,,4986,120,8,8,https://www.demoblaze.com/,436,0,0
1784784126452,345,HTTP Request-8,404,Not Found,Non-GUI-Testcases Using CSV Files 1-5,text,false,,3958,134,8,8,https://www.saucedemo.com/inventory.html,345,0,211
1784784126796,324,HTTP Request-3,200,OK,Non-GUI-Testcases Using CSV Files 1-4,text,true,,48511,141,8,8,https://sauce-demo.myshopify.com/pages/about-us,264,0,0
1784784126172,1107,HTTP Request-9,200,OK,Non-GUI-Testcases Using CSV Files 1-1,text,true,,753937,121,8,8,https://docs.langchain.com/,592,0,343
1784784125915,1441,HTTP Request-1,200,OK,Non-GUI-Testcases Using CSV Files 1-6,text,true,,5823,155,8,8,https://www.login.hiox.com/login?referrer=easycalculation.com,1441,0,1003
1784784127121,277,HTTP Request-4,200,OK,Non-GUI-Testcases Using CSV Files 1-4,text,true,,24226,126,8,8,https://jpetstore.aspectran.com/,275,0,0
1784784127279,248,HTTP Request-10,403,Forbidden,Non-GUI-Testcases Using CSV Files 1-1,text,false,,8205,162,8,8,https://mvnrepository.com/artifact/com.mysql/mysql-connector-j/9.7.0,248,0,144
1784784127398,206,HTTP Request-5,200,OK,Non-GUI-Testcases Using CSV Files 1-4,text,true,,10150,131,7,7,https://jsonplaceholder.typicode.com/,203,0,0
1784784109233,18531,HTTP Request-7,200,OK,Non-GUI-Testcases Using CSV Files 1-8,text,true,,905580,130,7,7,https://saucelabs.com/resources/blog,1665,0,252
1784784127357,425,HTTP Request-2,200,OK,Non-GUI-Testcases Using CSV Files 1-6,text,true,,4863,120,7,7,https://www.demoblaze.com/,414,0,0
1784784126660,1123,HTTP Request-1,200,OK,Non-GUI-Testcases Using CSV Files 1-3,text,true,,5823,155,7,7,https://www.login.hiox.com/login?referrer=easycalculation.com,1122,0,751
1784784126797,1000,HTTP Request-9,200,OK,Non-GUI-Testcases Using CSV Files 1-5,text,true,,753923,121,7,7,https://docs.langchain.com/,466,0,161
1784784127604,271,HTTP Request-6,403,Forbidden,Non-GUI-Testcases Using CSV Files 1-4,text,false,,1043,371,7,7,https://www.bharatmatrimony.com/campaign/matrimony.php?themeid=22&variantid=1&campaignid=627589322&adgroupid=1156688189220226&yahooaccountid=X0370414&searchcontent=search&CON=RI&NET=SE&PUB=yahoo&MODE=CPC&creative=&Matchtype=e&A=Indian&B=&keyword=shadhi%20com&utm_term=mobilewop,270,0,210
1784784127763,133,HTTP Request-8,404,Not Found,Non-GUI-Testcases Using CSV Files 1-8,text,false,,3957,134,7,7,https://www.saucedemo.com/inventory.html,132,0,100
1784784127798,173,HTTP Request-10,403,Forbidden,Non-GUI-Testcases Using CSV Files 1-5,text,false,,8203,162,7,7,https://mvnrepository.com/artifact/com.mysql/mysql-connector-j/9.7.0,172,0,95
1784784127782,267,HTTP Request-3,200,OK,Non-GUI-Testcases Using CSV Files 1-6,text,true,,48498,141,7,7,https://sauce-demo.myshopify.com/pages/about-us,237,0,0
1784784106449,21612,HTTP Request-7,200,OK,Non-GUI-Testcases Using CSV Files 1-10,text,true,,905555,130,7,7,https://saucelabs.com/resources/blog,1689,0,314
1784784128061,153,HTTP Request-8,404,Not Found,Non-GUI-Testcases Using CSV Files 1-10,text,false,,3958,134,7,7,https://www.saucedemo.com/inventory.html,152,0,109
1784784128050,333,HTTP Request-4,200,OK,Non-GUI-Testcases Using CSV Files 1-6,text,true,,24227,126,7,7,https://jpetstore.aspectran.com/,322,0,0
1784784128383,192,HTTP Request-5,200,OK,Non-GUI-Testcases Using CSV Files 1-6,text,true,,10150,131,7,7,https://jsonplaceholder.typicode.com/,192,0,0
1784784127896,680,HTTP Request-9,200,OK,Non-GUI-Testcases Using CSV Files 1-8,text,true,,753939,121,7,7,https://docs.langchain.com/,178,0,101
1784784127783,949,HTTP Request-2,200,OK,Non-GUI-Testcases Using CSV Files 1-3,text,true,,5112,120,7,7,https://www.demoblaze.com/,934,0,0
1784784128576,178,HTTP Request-6,403,Forbidden,Non-GUI-Testcases Using CSV Files 1-6,text,false,,1043,371,7,7,https://www.bharatmatrimony.com/campaign/matrimony.php?themeid=22&variantid=1&campaignid=627589322&adgroupid=1156688189220226&yahooaccountid=X0370414&searchcontent=search&CON=RI&NET=SE&PUB=yahoo&MODE=CPC&creative=&Matchtype=e&A=Indian&B=&keyword=shadhi%20com&utm_term=mobilewop,177,0,112
1784784128576,184,HTTP Request-10,403,Forbidden,Non-GUI-Testcases Using CSV Files 1-8,text,false,,8209,162,7,7,https://mvnrepository.com/artifact/com.mysql/mysql-connector-j/9.7.0,183,0,112
1784784128214,783,HTTP Request-9,200,OK,Non-GUI-Testcases Using CSV Files 1-10,text,true,,753930,121,7,7,https://docs.langchain.com/,422,0,345
1784784128733,280,HTTP Request-3,200,OK,Non-GUI-Testcases Using CSV Files 1-3,text,true,,48503,141,7,7,https://sauce-demo.myshopify.com/pages/about-us,264,0,0
1784784127972,1090,HTTP Request-1,200,OK,Non-GUI-Testcases Using CSV Files 1-5,text,true,,5823,155,7,7,https://www.login.hiox.com/login?referrer=easycalculation.com,1090,0,754
1784784128998,258,HTTP Request-10,403,Forbidden,Non-GUI-Testcases Using CSV Files 1-10,text,false,,8199,162,7,7,https://mvnrepository.com/artifact/com.mysql/mysql-connector-j/9.7.0,258,0,120
1784784129062,201,HTTP Request-2,200,OK,Non-GUI-Testcases Using CSV Files 1-5,text,true,,4898,120,7,7,https://www.demoblaze.com/,160,0,0
1784784129014,301,HTTP Request-4,200,OK,Non-GUI-Testcases Using CSV Files 1-3,text,true,,24238,126,7,7,https://jpetstore.aspectran.com/,276,0,0
1784784129315,167,HTTP Request-5,200,OK,Non-GUI-Testcases Using CSV Files 1-3,text,true,,9997,131,7,7,https://jsonplaceholder.typicode.com/,159,0,0
1784784129263,230,HTTP Request-3,200,OK,Non-GUI-Testcases Using CSV Files 1-5,text,true,,48506,141,7,7,https://sauce-demo.myshopify.com/pages/about-us,219,0,0
1784784129483,153,HTTP Request-6,403,Forbidden,Non-GUI-Testcases Using CSV Files 1-3,text,false,,1043,371,7,7,https://www.bharatmatrimony.com/campaign/matrimony.php?themeid=22&variantid=1&campaignid=627589322&adgroupid=1156688189220226&yahooaccountid=X0370414&searchcontent=search&CON=RI&NET=SE&PUB=yahoo&MODE=CPC&creative=&Matchtype=e&A=Indian&B=&keyword=shadhi%20com&utm_term=mobilewop,152,0,98
1784784111349,18303,HTTP Request-9,200,OK,Non-GUI-Testcases Using CSV Files 1-2,text,true,,753939,121,7,7,https://docs.langchain.com/,444,0,0
1784784129494,286,HTTP Request-4,200,OK,Non-GUI-Testcases Using CSV Files 1-5,text,true,,24226,126,7,7,https://jpetstore.aspectran.com/,244,0,0
1784784127875,1968,HTTP Request-7,200,OK,Non-GUI-Testcases Using CSV Files 1-4,text,true,,905555,130,7,7,https://saucelabs.com/resources/blog,1202,0,0
1784784128760,1091,HTTP Request-1,200,OK,Non-GUI-Testcases Using CSV Files 1-8,text,true,,5823,155,7,7,https://www.login.hiox.com/login?referrer=easycalculation.com,1091,0,718
1784784129651,237,HTTP Request-10,403,Forbidden,Non-GUI-Testcases Using CSV Files 1-2,text,false,,8203,162,7,7,https://mvnrepository.com/artifact/com.mysql/mysql-connector-j/9.7.0,236,0,156
1784784129843,55,HTTP Request-8,404,Not Found,Non-GUI-Testcases Using CSV Files 1-4,text,false,,3957,134,7,7,https://www.saucedemo.com/inventory.html,55,0,0
1784784129780,175,HTTP Request-5,200,OK,Non-GUI-Testcases Using CSV Files 1-5,text,true,,10150,131,7,7,https://jsonplaceholder.typicode.com/,175,0,0
1784784129851,148,HTTP Request-2,200,OK,Non-GUI-Testcases Using CSV Files 1-8,text,true,,4797,120,7,7,https://www.demoblaze.com/,131,0,0
1784784129257,976,HTTP Request-1,200,OK,Non-GUI-Testcases Using CSV Files 1-10,text,true,,5823,155,7,7,https://www.login.hiox.com/login?referrer=easycalculation.com,976,0,635
1784784129999,336,HTTP Request-3,200,OK,Non-GUI-Testcases Using CSV Files 1-8,text,true,,48493,141,7,7,https://sauce-demo.myshopify.com/pages/about-us,284,0,0
1784784128754,1863,HTTP Request-7,200,OK,Non-GUI-Testcases Using CSV Files 1-6,text,true,,905580,130,7,7,https://saucelabs.com/resources/blog,979,0,0
1784784130234,463,HTTP Request-2,200,OK,Non-GUI-Testcases Using CSV Files 1-10,text,true,,5185,120,7,7,https://www.demoblaze.com/,457,0,0
1784784129956,800,HTTP Request-6,403,Forbidden,Non-GUI-Testcases Using CSV Files 1-5,text,false,,1043,371,7,7,https://www.bharatmatrimony.com/campaign/matrimony.php?themeid=22&variantid=1&campaignid=627589322&adgroupid=1156688189220226&yahooaccountid=X0370414&searchcontent=search&CON=RI&NET=SE&PUB=yahoo&MODE=CPC&creative=&Matchtype=e&A=Indian&B=&keyword=shadhi%20com&utm_term=mobilewop,799,0,228
1784784130618,257,HTTP Request-8,404,Not Found,Non-GUI-Testcases Using CSV Files 1-6,text,false,,3957,134,7,7,https://www.saucedemo.com/inventory.html,257,0,0
1784784130698,628,HTTP Request-3,200,OK,Non-GUI-Testcases Using CSV Files 1-10,text,true,,48502,141,7,7,https://sauce-demo.myshopify.com/pages/about-us,467,0,0
1784784130336,1835,HTTP Request-4,200,OK,Non-GUI-Testcases Using CSV Files 1-8,text,true,,24223,126,7,7,https://jpetstore.aspectran.com/,637,0,0
1784784132171,993,HTTP Request-5,200,OK,Non-GUI-Testcases Using CSV Files 1-8,text,true,,9997,131,7,7,https://jsonplaceholder.typicode.com/,979,0,0
1784784133164,5343,HTTP Request-6,403,Forbidden,Non-GUI-Testcases Using CSV Files 1-8,text,false,,1043,371,7,7,https://www.bharatmatrimony.com/campaign/matrimony.php?themeid=22&variantid=1&campaignid=627589322&adgroupid=1156688189220226&yahooaccountid=X0370414&searchcontent=search&CON=RI&NET=SE&PUB=yahoo&MODE=CPC&creative=&Matchtype=e&A=Indian&B=&keyword=shadhi%20com&utm_term=mobilewop,5343,0,4738
1784784131327,8203,HTTP Request-4,200,OK,Non-GUI-Testcases Using CSV Files 1-10,text,true,,24225,126,7,7,https://jpetstore.aspectran.com/,1313,0,0
1784784139530,827,HTTP Request-5,200,OK,Non-GUI-Testcases Using CSV Files 1-10,text,true,,10150,131,7,7,https://jsonplaceholder.typicode.com/,649,0,0
1784784129636,11149,HTTP Request-7,200,OK,Non-GUI-Testcases Using CSV Files 1-3,text,true,,905555,130,7,7,https://saucelabs.com/resources/blog,1168,0,0
1784784129888,10989,HTTP Request-1,200,OK,Non-GUI-Testcases Using CSV Files 1-2,text,true,,5823,155,7,7,https://www.login.hiox.com/login?referrer=easycalculation.com,10989,0,2406
1784784140785,699,HTTP Request-8,404,Not Found,Non-GUI-Testcases Using CSV Files 1-3,text,false,,3957,134,7,7,https://www.saucedemo.com/inventory.html,699,0,0
1784784130875,11279,HTTP Request-9,200,OK,Non-GUI-Testcases Using CSV Files 1-6,text,true,,753924,121,7,7,https://docs.langchain.com/,611,0,0
1784784129898,12256,HTTP Request-9,200,OK,Non-GUI-Testcases Using CSV Files 1-4,text,true,,753930,121,7,7,https://docs.langchain.com/,403,0,178
1784784138508,3718,HTTP Request-7,200,OK,Non-GUI-Testcases Using CSV Files 1-8,text,true,,905579,130,7,7,https://saucelabs.com/resources/blog,1607,0,0
1784784140358,1909,HTTP Request-6,403,Forbidden,Non-GUI-Testcases Using CSV Files 1-10,text,false,,1043,371,7,7,https://www.bharatmatrimony.com/campaign/matrimony.php?themeid=22&variantid=1&campaignid=627589322&adgroupid=1156688189220226&yahooaccountid=X0370414&searchcontent=search&CON=RI&NET=SE&PUB=yahoo&MODE=CPC&creative=&Matchtype=e&A=Indian&B=&keyword=shadhi%20com&utm_term=mobilewop,1909,0,1833
1784784142227,84,HTTP Request-8,404,Not Found,Non-GUI-Testcases Using CSV Files 1-8,text,false,,3957,134,7,7,https://www.saucedemo.com/inventory.html,83,0,0
1784784142155,270,HTTP Request-10,403,Forbidden,Non-GUI-Testcases Using CSV Files 1-6,text,false,,8203,162,7,7,https://mvnrepository.com/artifact/com.mysql/mysql-connector-j/9.7.0,270,0,144
1784784142155,270,HTTP Request-10,403,Forbidden,Non-GUI-Testcases Using CSV Files 1-4,text,false,,8201,162,7,7,https://mvnrepository.com/artifact/com.mysql/mysql-connector-j/9.7.0,270,0,173
1784784140878,1863,HTTP Request-2,200,OK,Non-GUI-Testcases Using CSV Files 1-2,text,true,,5052,120,6,6,https://www.demoblaze.com/,1851,0,1314
1784784142311,834,HTTP Request-9,200,OK,Non-GUI-Testcases Using CSV Files 1-8,text,true,,753923,121,6,6,https://docs.langchain.com/,115,0,0
1784784143145,326,HTTP Request-10,403,Forbidden,Non-GUI-Testcases Using CSV Files 1-8,text,false,,8209,162,6,6,https://mvnrepository.com/artifact/com.mysql/mysql-connector-j/9.7.0,302,0,247
1784784142741,915,HTTP Request-3,200,OK,Non-GUI-Testcases Using CSV Files 1-2,text,true,,48492,141,5,5,https://sauce-demo.myshopify.com/pages/about-us,836,0,556
1784784142425,1383,HTTP Request-1,200,OK,Non-GUI-Testcases Using CSV Files 1-4,text,true,,5823,155,5,5,https://www.login.hiox.com/login?referrer=easycalculation.com,1383,0,987
1784784143656,374,HTTP Request-4,200,OK,Non-GUI-Testcases Using CSV Files 1-2,text,true,,24230,126,5,5,https://jpetstore.aspectran.com/,353,0,0
1784784141485,2571,HTTP Request-9,200,OK,Non-GUI-Testcases Using CSV Files 1-3,text,true,,753923,121,5,5,https://docs.langchain.com/,842,0,740
1784784143808,404,HTTP Request-2,200,OK,Non-GUI-Testcases Using CSV Files 1-4,text,true,,17517,120,5,5,https://www.demoblaze.com/,336,0,0
1784784144030,187,HTTP Request-5,200,OK,Non-GUI-Testcases Using CSV Files 1-2,text,true,,9997,131,5,5,https://jsonplaceholder.typicode.com/,160,0,0
1784784144057,175,HTTP Request-10,403,Forbidden,Non-GUI-Testcases Using CSV Files 1-3,text,false,,8203,162,5,5,https://mvnrepository.com/artifact/com.mysql/mysql-connector-j/9.7.0,174,0,114
1784784142267,2236,HTTP Request-7,200,OK,Non-GUI-Testcases Using CSV Files 1-10,text,true,,905556,130,4,4,https://saucelabs.com/resources/blog,900,0,0
1784784144217,287,HTTP Request-6,403,Forbidden,Non-GUI-Testcases Using CSV Files 1-2,text,false,,1043,371,4,4,https://www.bharatmatrimony.com/campaign/matrimony.php?themeid=22&variantid=1&campaignid=627589322&adgroupid=1156688189220226&yahooaccountid=X0370414&searchcontent=search&CON=RI&NET=SE&PUB=yahoo&MODE=CPC&creative=&Matchtype=e&A=Indian&B=&keyword=shadhi%20com&utm_term=mobilewop,287,0,152
1784784144212,297,HTTP Request-3,200,OK,Non-GUI-Testcases Using CSV Files 1-4,text,true,,48490,141,4,4,https://sauce-demo.myshopify.com/pages/about-us,257,0,0
1784784144503,82,HTTP Request-8,404,Not Found,Non-GUI-Testcases Using CSV Files 1-10,text,false,,3958,134,4,4,https://www.saucedemo.com/inventory.html,82,0,0
1784784130756,13829,HTTP Request-7,200,OK,Non-GUI-Testcases Using CSV Files 1-5,text,true,,905580,130,4,4,https://saucelabs.com/resources/blog,11434,0,0
1784784144586,84,HTTP Request-8,404,Not Found,Non-GUI-Testcases Using CSV Files 1-5,text,false,,3958,134,4,4,https://www.saucedemo.com/inventory.html,84,0,0
1784784144509,761,HTTP Request-4,200,OK,Non-GUI-Testcases Using CSV Files 1-4,text,true,,24236,126,4,4,https://jpetstore.aspectran.com/,645,0,0
1784784145270,833,HTTP Request-5,200,OK,Non-GUI-Testcases Using CSV Files 1-4,text,true,,10150,131,4,4,https://jsonplaceholder.typicode.com/,798,0,0
1784784144585,1895,HTTP Request-9,200,OK,Non-GUI-Testcases Using CSV Files 1-10,text,true,,753937,121,4,4,https://docs.langchain.com/,105,0,0
1784784146481,1351,HTTP Request-10,403,Forbidden,Non-GUI-Testcases Using CSV Files 1-10,text,false,,8211,162,4,4,https://mvnrepository.com/artifact/com.mysql/mysql-connector-j/9.7.0,1351,0,1263
1784784146104,1733,HTTP Request-6,403,Forbidden,Non-GUI-Testcases Using CSV Files 1-4,text,false,,1043,371,3,3,https://www.bharatmatrimony.com/campaign/matrimony.php?themeid=22&variantid=1&campaignid=627589322&adgroupid=1156688189220226&yahooaccountid=X0370414&searchcontent=search&CON=RI&NET=SE&PUB=yahoo&MODE=CPC&creative=&Matchtype=e&A=Indian&B=&keyword=shadhi%20com&utm_term=mobilewop,1733,0,1680
1784784144670,3245,HTTP Request-9,200,OK,Non-GUI-Testcases Using CSV Files 1-5,text,true,,753940,121,3,3,https://docs.langchain.com/,553,0,0
1784784147916,146,HTTP Request-10,403,Forbidden,Non-GUI-Testcases Using CSV Files 1-5,text,false,,8211,162,3,3,https://mvnrepository.com/artifact/com.mysql/mysql-connector-j/9.7.0,146,0,99
1784784144504,3761,HTTP Request-7,200,OK,Non-GUI-Testcases Using CSV Files 1-2,text,true,,905580,130,2,2,https://saucelabs.com/resources/blog,1777,0,0
1784784148265,137,HTTP Request-8,404,Not Found,Non-GUI-Testcases Using CSV Files 1-2,text,false,,3958,134,2,2,https://www.saucedemo.com/inventory.html,137,0,68
1784784148402,369,HTTP Request-9,200,OK,Non-GUI-Testcases Using CSV Files 1-2,text,true,,753931,121,2,2,https://docs.langchain.com/,161,0,84
1784784148772,144,HTTP Request-10,403,Forbidden,Non-GUI-Testcases Using CSV Files 1-2,text,false,,8209,162,2,2,https://mvnrepository.com/artifact/com.mysql/mysql-connector-j/9.7.0,141,0,96
1784784147838,1662,HTTP Request-7,200,OK,Non-GUI-Testcases Using CSV Files 1-4,text,true,,905555,130,2,2,https://saucelabs.com/resources/blog,978,0,0
1784784149501,52,HTTP Request-8,404,Not Found,Non-GUI-Testcases Using CSV Files 1-4,text,false,,3957,134,2,2,https://www.saucedemo.com/inventory.html,52,0,0
1784784148916,906,HTTP Request-1,200,OK,Non-GUI-Testcases Using CSV Files 1-2,text,true,,5823,155,2,2,https://www.login.hiox.com/login?referrer=easycalculation.com,906,0,601
1784784149822,405,HTTP Request-2,200,OK,Non-GUI-Testcases Using CSV Files 1-2,text,true,,4953,120,2,2,https://www.demoblaze.com/,364,0,0
1784784149553,759,HTTP Request-9,200,OK,Non-GUI-Testcases Using CSV Files 1-4,text,true,,753930,121,2,2,https://docs.langchain.com/,84,0,0
1784784150312,138,HTTP Request-10,403,Forbidden,Non-GUI-Testcases Using CSV Files 1-4,text,false,,8209,162,2,2,https://mvnrepository.com/artifact/com.mysql/mysql-connector-j/9.7.0,138,0,94
1784784150229,235,HTTP Request-3,200,OK,Non-GUI-Testcases Using CSV Files 1-2,text,true,,48502,141,1,1,https://sauce-demo.myshopify.com/pages/about-us,183,0,0
1784784150465,301,HTTP Request-4,200,OK,Non-GUI-Testcases Using CSV Files 1-2,text,true,,24236,126,1,1,https://jpetstore.aspectran.com/,226,0,0
1784784150766,175,HTTP Request-5,200,OK,Non-GUI-Testcases Using CSV Files 1-2,text,true,,9997,131,1,1,https://jsonplaceholder.typicode.com/,158,0,0
1784784150941,123,HTTP Request-6,403,Forbidden,Non-GUI-Testcases Using CSV Files 1-2,text,false,,1043,371,1,1,https://www.bharatmatrimony.com/campaign/matrimony.php?themeid=22&variantid=1&campaignid=627589322&adgroupid=1156688189220226&yahooaccountid=X0370414&searchcontent=search&CON=RI&NET=SE&PUB=yahoo&MODE=CPC&creative=&Matchtype=e&A=Indian&B=&keyword=shadhi%20com&utm_term=mobilewop,123,0,83
1784784151065,1737,HTTP Request-7,200,OK,Non-GUI-Testcases Using CSV Files 1-2,text,true,,905580,130,1,1,https://saucelabs.com/resources/blog,971,0,0
1784784152802,60,HTTP Request-8,404,Not Found,Non-GUI-Testcases Using CSV Files 1-2,text,false,,3958,134,1,1,https://www.saucedemo.com/inventory.html,60,0,0
1784784152862,339,HTTP Request-9,200,OK,Non-GUI-Testcases Using CSV Files 1-2,text,true,,753938,121,1,1,https://docs.langchain.com/,139,0,0
1784784153203,156,HTTP Request-10,403,Forbidden,Non-GUI-Testcases Using CSV Files 1-2,text,false,,8199,162,1,1,https://mvnrepository.com/artifact/com.mysql/mysql-connector-j/9.7.0,155,0,99
